url,label
asesoresvelfit.com/media/datacredito.co/,bad
caixa.com.br.fgtsagendesaqueconta.com/consulta8523211/principal.php,bad
hissoulreason.com/js/homepage/home/,bad
unauthorizd.newebpage.com/webapps/66fbf/,bad
133.130.103.10/23/,bad
dj00.co.vu/css/,bad
133.130.103.10/21/logar/,bad
httpssicredi.esy.es/servico/sicredi/validarclientes/mobi/index.php,bad
gamesaty.ga/wp-content///yh/en/,bad
luxuryupgradepro.com/ymailNew/ymailNew/,bad
133.130.103.10/1/,bad
133.130.103.10/24/sicredi/psmlId/31/paneid/index.htm,bad
smscaixaacesso.hol.es,bad
133.130.103.10/7/SIIBC/siwinCtrl.php,bad
tinyurl.com/kjmmw57,bad
wrightlandscapes.org/no/T/Y1.html,bad
mautic.eto-cms.ru/themes/goldstar/mtbonline/newmandt/,bad
ginatringali.com//al/alibaba21012015/alibaba21012015/666/index.html,bad
staticmail.000webhostapp.com/,bad
umeda.com.br/bba/BOA/home/,bad
krishworldwide.com/BackUp/under/js/ayo1/index.html,bad
yahoo.co.in/email_open_log_pic.php,bad
www.avcc.ac.in/fonts/1/wropboxp/login.html,bad
craig-hallum.ga/sgg/1/login.htm,bad
www.verification-mobile-nab.com/cgi/e8e11a52ed442dc4b327eaa2f19c2521/login/,bad
verification-mobile-nab.com/cgi/e8e11a52ed442dc4b327eaa2f19c2521/login/,bad
www.justpiddlinboutique.com/win/image.htm,bad
vcsolutionscorp.com/Block/image.htm,bad
almasur.com/wp-includes/pomo/docusign17/,bad
asesoresvelfit.com/media/cms/datacredito.co/,bad
getpeopleplus.com/EserviceMain/irs/ir/index.html,bad
taeamigo.com/EserviceMain/irs/ir/index.html,bad
elmundo-latino.com/ir/index.html,bad
sociopremiosedescontos.com/cadastro/,bad
cartaopremiadosicoob.com,bad
ms-0ffice365supportplanquota.us.com0203499083934.elegantvapour.co.uk/0-009021--0203499083934.l3992389100283901233232400349902132443940090132/hotmail.login/client_id=00000002-0000-0ff1-ce00-000000000000&amp,bad
www.travrica.com/ntime/T/Y1.html,bad
system-tnc.esy.es/recovery-chekpoint-login.html,bad
sandralucashyde.org/login.yahoo/yahoo.com%20[Lastet%20Update]/indexz.html,bad
alexanderpetricek.com/EserviceMain/irs/ir/index.html,bad
di15.co.vu/css/,bad
sicredisms.ignitiondomain.com/2017/validarclientes/mobi/index.php,bad
rajspaces.com/EserviceDLAcct/irs/ir/index.html,bad
fb-systemapps.esy.es/recovery-chekpoint-login.html,bad
signin-activitysupport.helpcenter-supportfraudsignin.com/mpp/signin/f341/,bad
www.citadelchurchjax.com/wp-admin/validateowa/owa/WebAdmin/Outlook%20Web%20App.htm,bad
pradochaui.com.br/criptografado1/index1.php,bad
simnokomun.lt/upload/omo/newgd2/newgd/moole/index.php,bad
di11.co.vu/css/,bad
www.alligator.site/wp-content/wall/gallary/fin/,bad
tinyurl.com/le5tcvf,bad
tinyurl.com/ll59xhm,bad
tr.im/1e0rQ,bad
www.gommetermiche.it/administrator/modules/auth.att.secure/login.htm,bad
indonesianwonderagate.com/zee/validate.htm,bad
tinyurl.com/ll59xhm,bad
consultafgts.esy.es/home,bad
www.ultrakoz.com/uploads/files/reloadedatt.net.html,bad
www.blackabba.com/sign-on/yahoo/Y1.html,bad
carretroller.com.br/sss/image.htm,bad
www.mamujutengahkab.go.id/terasconfig/www.att.net/,bad
sandralucashyde.org/login.yahoo/yahoo.com%20[Lastet%20Update]/indexz.html,bad
extratoinativos.com/Inativos/,bad
consultar-fgts.com/1index.php,bad
portal-consultafgts.com/caixa.gov.br/pages/inter/index.php,bad
ni1232966-3.web20.nitrado.hosting/finance/fnce/,bad
fgtsliberacao.com/processa.php,bad
jokextreme.com/irs.return/Payment%20Lookup.html,bad
fb-safetyhelp.esy.es/recovery-chekpoint-login.html,bad
fb-securitypolicy101inc.esy.es/recovery-chekpoint-login.html,bad
fb-securityaccountlogincheck808.esy.es/recovery-chekpoint-login.html,bad
laghaimrevolution.com/sign-on/yahoo/Y1.html,bad
settings-acct024631.esy.es/recovery-chekpoint-login.html,bad
horizongarments.com/Asher/image.htm,bad
shittyurl.org/5u,bad
ni1232966-4.web16.nitrado.hosting/ye/cmbr/,bad
system-support-il.hol.es/facebook-security,bad
ow.ly/IIzC30bBG3c,bad
caixaservicosonline.epizy.com,bad
sandralucashyde.org/login.yahoo/yahoo.com%20%5BLastet%20Update%5D/indexz.html,bad
anniey06l5.myjino.ru/byte/Cookies/Cookies/Pelewura/onlineverifica@tion/Preview.htm,bad
www.supportt-team.com/Confirmed/MyAccount/,bad
forms.zohopublic.com/koogee/form/ACTIVATIONFORM/formperma/g51Bb2g53DaChBA4be0h2kCA_,bad
www.surveybuilder.com/s/oFh4R/nav,bad
a.doko.moe/vschbi.html,bad
forms.zohopublic.com/foolieax/form/VERIFICATIONFROM/formperma/hg_466jHhCK6_6D61K5AC9eA4,bad
muththamizh.com/llc/production-llc/,bad
cortazarurdaneta.com/chn/5adfd99cf03b06771d81f8b5607f1d7e/,bad
chasebankusa.paradisepaymentgold.com/verification/M2908D716C8M54904AC8/card.php,bad
briut.fruitfuldemo.com/,bad
afraniorodriguezrosero.com/wp-admin/themes/pdf/,bad
recovery-account-fb.hol.es/facebook-support,bad
verification-members.net/webapps/3db39/,bad
rajspaces.com/upload/EserviceDLAcct/irs/ir/index.html,bad
promocao-sicoob.cf,bad
secure-fbpages-notification.com/,bad
olcmeapp.com/mko/image.htm,bad
support-110048480a.esy.es/security.page/,bad
lesaventuriersvoyageurs.com/js/paypal-account-confirm,bad
restauracjagreenpepper.pl//payment/payment/index.php,bad
scs-network.com/umpi/eba.html,bad
redux.news/chase/update/,bad
cmfidouala.org/jsdhkjhjdf/cgi-bin/image.htm,bad
olcmeapp.com/lol/image.htm,bad
livewellprojects.com/bay/T/Y1.html,bad
attnethelp.webnode.com,bad
tinyurl.com/kvuukxs,bad
ridinghouseindia.com/ywhl/Y%20index.html,bad
amethystia.com/T/Y1.html,bad
paialowereasterncherokeenationsc.com/aaaaa/login.htm,bad
cover-acct06437.esy.es/recovery-chekpoint-login.html,bad
www.aharsntenetsrelsioncustomizedia.com/domain/indexx.htm,bad
safety-acct-003342.esy.es/recovery-chekpoint-login.html,bad
dressesmela.com//kmd/image.htm,bad
www.sicredisic.com.br,bad
31.220.111.56/asdq12/,bad
kuswanto.co.id/wp-includes/cs/Indexxatt.htm,bad
formcrafts.com/a/valaccount,bad
mattewfisher1.000webhostapp.com/sal/YAH%21%21./ya2/index.php,bad
www.singandvoice.com/10405.php,bad
www.sententia.com.ar/PayPal/get_started/,bad
149.56.201.163/nis-card/,bad
web-designing-india.org/dpbx/dpbx/index.php,bad
54.157.20.99/principal.php,bad
www.sea.com.sa/images/filetypes/bankofamericam.com.8789373899383mins.rmsmrr/index,bad
zogheb.com/tooo/index_1.html,bad
fgtscontasinativas.online/home,bad
consultasinvativasfgts.com/processa.php,bad
extratofgtsonline.com/1index.php,bad
store2.apple.ch.email-forwarding.webstore.websis.info/sp/79900b0f5b721ddb89396e71eb7fad41/infos.html,bad
www.citadelchurchjax.com/wp-admin/data/owa/WebAdmin/Outlook%20Web%20App.htm,bad
peloclub.com/onlinepdffiles/Adobe/Adobe/property/adobe/index.html,bad
www.innovi.cc/tos/script/mail.htm,bad
www.momsweetmoms.com/demo2/Dropbox/Dropbox/,bad
www.samanesang.com/wp-content/themes/PDF/PDF/login.htm,bad
store2.apple.ch.email-forwarding.webstore.websis.info/de/,bad
suisscards-ch.elecapponline.net/ch-de/suisse/,bad
store2.apple.ch.email-forwarding.webstore.websis.info/sp/,bad
asa-direct.ru/bitrix/updates/servi/fr/doss/,bad
pascasarjana.uniba-bpn.ac.id/administrator/components/com_joomlaupdate/redire.html,bad
hb.redllink.com/.ars/empresas/login.htm,bad
hb.redllink.com/.ars/empresas/login.htm,bad
xenangdaiduong.com.vn/wp-config/Sign/,bad
tizianabeauty.ch/wp-content/plugins/Manage/ar4d65/checking/check/Support/ID-NUMB389/myaccount/signin/,bad
zemindar.lt/wp-content/languages/dpbx/index.php,bad
www.crielv.com.br/images/start2.php,bad
www.sagittariusglobal.com//portal/cache/Cielo/ambiente-seguro.php,bad
www.sagittariusglobal.com//portal/cache/Cielo/index.html,bad
goo.gl/MMT7sp,bad
abuv.com.br/cliente.conectado40/atendimento_pessoa_fisica/criptografado/index1.php,bad
voetudoazul.serveuser.com/tudoazul/cadastre.php,bad
www.rustmaster.com.br/ml/next1.php,bad
www.rustmaster.com.br/ml/,bad
30horasdigital.myvnc.com/30horasdigitalmodulodesegurancafeitoparavoce/,bad
i-house.se/wp-trackback/en/,bad
prayogispl.in/elisnow/ymail.html,bad
zdcp.org/iiii/feedback/login.alibaba.com/login.html,bad
celebrapack.com/dhnl/DHL/DHL/,bad
www.hyperbay.net/merchants/controller/tool/www.alibaba.com/alibaba/trade.php,bad
thehotelmanagment.com/Prime/,bad
binary-project.com/cha/chase/home/action.php,bad
abuv.com.br/cliente.conectado33/atendimento_pessoa_fisica/criptografado/index1.php,bad
cover-acct09964.esy.es/recovery-chekpoint-login.html,bad
academica.pt/U/mail.htm,bad
kalempong-fb01.esy.es/recovery-chekpoint-login.html,bad
dujanapublicschool.com/b/WellsLINK/WellsLINK/WellsLINK/WellsLINK/WellsLINK/WellsLINK/WellsLINK/WellsLINK/WellsLINK/WellsLINK/WellsLINK/WellsLINK/index.html,bad
abuv.com.br/cliente.conectado1/atendimento_pessoa_fisica/criptografado/index1.php,bad
paialowereasterncherokeenationsc.com/aaaaa/login.htm,bad
abuv.com.br/1cliente.conectado.jw1/atendimento_pessoa_fisica/criptografado/index1.php,bad
34.201.92.123/indisponivel.php,bad
149.56.144.216/processa.php,bad
jose200495fgts.com/processa.php,bad
34.224.68.176/principal.php,bad
consultasaldossl.com,bad
meusaldos.com,bad
fgts-mobile.com/processa.php,bad
fgts.mobi/processa.php,bad
aolonlineservices.cba.pl/chase.php,bad
caixa.extratofgtsliberados2017.com/consulta8647454/principal.php,bad
webmailupgrade-001-site1.itempurl.com/webmaster-secure/owa/confirm.php,bad
scs-network.com/umpi/dba.html,bad
shittyurl.org/5q,bad
ronin.com.pk/hnm/logintoyahoomail.htm,bad
raik.hub-web.com/proccesing-fbaccountss/login.php,bad
provoliprints.gr/001/update.html,bad
service-info-dk.hol.es/facebook-confirmation,bad
www.goepsa.com/Old%20Files/yahoo/IDCHECK.html,bad
tinyurl.com/kbvf6qz,bad
dh16.co.vu/css//,bad
kontuit-fb01.esy.es/recovery-chekpoint-login.html,bad
hunmumu.com/str/Ma/,bad
ctrl4enviro.com/wp-includes/SimplePie/Content/Type/Caption/Pelewura/onlineverifica@tion/Preview.htm,bad
wwp-cartasi-titoari-portale-sicreuzza-2017.dynamic-dns.net/gtwpage1e10/index-jsp.html,bad
communitysicurezza.3mitalia.it/iTunesConnecto.store/WebObjects/common/update.woa/app/registre/index.php,bad
kustomfloordesigns.com/doc!/index.php,bad
www.goepsa.com/Old%20Files/opt/doneall.html,bad
citydesignerweb.com/mmm/rain.php,bad
www.goepsa.com/Old%20Files/yahoo/IDCHECK.html,bad
tinyurl.com/mt87qw3,bad
stikliniekadarbnica.lv/zrichieattnii/attiinnddeexx.php,bad
caixa.consultafgtsinativoliberado2017.com/consulta4023542/indisponivel.php,bad
sicoob-card.com/2017/,bad
bit.ly/2pWteUy,bad
bit.ly/2qkCl2Y,bad
communicatewithsh.com/shellnor/mttkl3.com/2650/1survey/,bad
unifr-ch.weebly.com/,bad
formcrafts.com/a/27508,bad
www.giftmorden.com/a1/crypt/index.html,bad
snspsladwa.org/googledrive/GDocHistory/e5252c7fc60f2701c2555c99694aca59/,bad
outlookmaintenace.urest.org/,bad
viewerpdf.com/098876665/verification.php,bad
www.herbertundschnipsi.de/fgts/indisponivel.php,bad
servicossociaiscaixa.com.br,bad
karuniabinainsani-16.co.id/wp-includes/dev24/home/confirm.php,bad
violattions-notifications-seresa.esy.es/confirmations/index.html,bad
recover-acct5487.esy.es/recovery-chekpoint-login.html,bad
bit.ly/2pgU0ne,bad
skafs.ca/Wealthsecuredhelp/ivxn/home/,bad
scs-network.com/kem/aba.html,bad
anuragjewellery.com/upd_CH_as/2bc34fe40102b33bffca0b8a38f2b4e7/,bad
nnconsultoria.com.br/Atendimento.Pessoa.Fisica82/atendimento_pessoa_fisica/criptografado/index1.php,bad
anuragjewellery.com/upd_CH_as/index.php,bad
safety-check-739210.esy.es/index.html,bad
ellimanestate.executeart.in/$%25%23&%25*/,bad
bit.ly/2qpbHFX,bad
netibesanta.esy.es/www/,bad
netibesanta.esy.es/,bad
nnconsultoria.com.br/Atendimento.Pessoa.Fisica13/atendimento_pessoa_fisica/criptografado/index1.php,bad
fgts-inativados.com/vXs3P4pta6/pages/inter/index.php,bad
it-maintenance.tripod.com/,bad
consultacontasinativa.com/gov/processa.php,bad
extratoinativo.com/inativos/,bad
unimore.gr/shay/work/page/zip/secure/12120521a7245f21cec4ea331e4498b7/,bad
security-update-center.serverlux.me/signin/,bad
webmupgrde060517.tripod.com/,bad
www.neymo.org/joomla/edu/zi.htm,bad
nnconsultoria.com.br/Atendimento.Pessoa.Fisica23/atendimento_pessoa_fisica/criptografado/index1.php,bad
nnconsultoria.com.br/Atendimento.Pessoa.Fisica26/atendimento_pessoa_fisica/criptografado/index1.php,bad
loogin-recovery-account87.esy.es/confirmation/,bad
roadfitterapparel.com/uploads/coco/zi.htm,bad
hydracsa.com/po/io/index.html,bad
loogin-facebook-safety.esy.es/confirmation/,bad
service-info-il.hol.es/log1.php,bad
service-info-il.hol.es/facebook-confirmation,bad
info-service-il.hol.es/log1.php,bad
info-service-il.hol.es/facebook-security,bad
kingsupteded.com/squarespace/squar/KE11Y/,bad
blueappleassociates.com/Images/index_files/change/0.html,bad
Summerseason.tavapirts.lv/dpp/index.html,bad
sharkprojects.fruitfuldemo.com/css/Yahoologin.htm,bad
www.cavazosengineering.com/cgi-bin./microsoft/,bad
nnconsultoria.com.br/Atendimento.Pessoa.Fisica9/atendimento_pessoa_fisica/criptografado/index1.php,bad
acct-cover-0899812.esy.es/index.html,bad
tumbuang-fb.esy.es/recovery-chekpoint-login.html,bad
bank.barclays.co.uk.olb.auth.loginlink.action.loginlink.action.loginlink.action.loginlink.action.onandoffagain.com/cloudit/,bad
tehofilter.fi/www.cartaobndes.gov.br/,bad
nnconsultoria.com.br/Atendimento.Pessoa.Fisica01/atendimento_pessoa_fisica/criptografado/index1.php,bad
marcof.pro.br/acesso.criptografado4/cliente.conectado1/pessoa.fisica.recadastrar/cadastrar.referencia/acesso.pendente.comunicacao/index.html,bad
desearch.co.uk/plugins/captcha/recaptcha/hmrc/revenue/,bad
xn--https-servio-85-omb.jelastic.regruhosting.ru/www.santander.com.br/br/Cadastramento/pessoa-fisica/santander-van-gogh/index1.php,bad
www.lineyuy.cn/,bad
webmail-app-outlook-info.weebly.com,bad
indexdateprofile.890m.com/match/info,bad
zdcp.org/ali/feedback/login.alibaba.com/login.jsp.html,bad
www.bsgodenderleeuw.be/ikoi.php,bad
sol-manager.fr/raiffeisien/ebanking/login.php,bad
www.wifibkk.com/wp-content/themes/js/nab/,bad
notice-payment.invoiceappconfirmation.com/Login.php,bad
sitesumo.com/outlook-app/main.html,bad
www.r129motoring.com/SLWerks.com/wp-includes/js/tinymce/themes/modern/default/,bad
novavidasamambaia.com.br/admin/ckeditor/plugins/link/linkedin.com/,bad
academica.pt/U/mail.htm,bad
academica.pt/U/mail.htm,bad
www.bestsearch.info/,bad
innovateapp.ru/inj/1au/03.php,bad
ovtoc.com/wp-content/themes/Astra/images/webapps/mpp/home/,bad
www.ellepimmobiliare.it/www.santandernet.com.br-br/pessoa-fisica/santander-van-gogh/aplicativos/index1.php,bad
www.ellepimmobiliare.it/www.santandernet.com.br-br/pessoa-fisica/santander-van-gogh/aplicativos/index1.php,bad
env-9019617.jelastic.regruhosting.ru/libraries/legacy/access/system.php,bad
ambrosiabanquethall.com/mtdocss/index.php,bad
depatmens-recons002.esy.es/recovery-chekpoint-login.html,bad
secure-notification-pagesfb-inc.com/,bad
gispi.in/serv/update.account.online/,bad
saedds4343354.esy.es/,bad
acct-recover7895345546.esy.es/index.html,bad
www.ssmh.cz/puvodni/alaba/aligranny.php,bad
freshinktattoostudio.com.au/wp-includes/opt.php,bad
www.syscan-id.com//tmp/install_4e01bd078ea7d/admin/views/Unibe.php,bad
caixa.fgtsliberado2017.com/consulta6347674/index.php,bad
acct-recover7895345.esy.es/index.html,bad
checkpoint-erorr-fb005.esy.es/recovery-chekpoint-login.html,bad
checkpoint-info-fb9t.esy.es/recovery-chekpoint-login.html,bad
support1213112.hol.es/log.php,bad
support1213112.hol.es/facebook-security,bad
recovery-account-fb-chekpoin-8108.esy.es/recovery/index.html,bad
www.digitalworld.tv/store/sessions/asd654ds8ds45/0242ce5905/login.php,bad
info-support-il.hol.es/log1.php,bad
info-support-il.hol.es/facebook,bad
wish4job.com/page/musapdf.html,bad
c0.16mb.com/k/,bad
orgcontalex.com.br/acesso.criptografado2/cliente.conectado1/pessoa.fisica.recadastrar/cadastrar.referencia/acesso.pendente.comunicacao/index.html,bad
last-warning-fb1.esy.es/recovery-chekpoint-login.html,bad
www.digital-sms-online.com.br/rb001/apk/dll/,bad
emaillsantander.com/mobile/app/manage.php,bad
recover-fb01.esy.es/recovery-chekpoint-login.html,bad
olenelife.com/sessions/paypal/,bad
cover-acct56467.esy.es/index.html,bad
safecheck-acct5151.esy.es/help/recovery-chekpoint-login.html,bad
suspicous-payments-helping.com/webapps/a6d92/websrc,bad
petektemizleme.biz.tr/index.php,bad
pages-5566.hol.es/log1.php,bad
pages-5566.hol.es/facebook-security,bad
secure-notification-fbpages-inc.com/,bad
goterbox33.esy.es/recovery-chekpoint-login.html,bad
httpssecure.belhalfs.beget.tech/auth/auth/issues/,bad
www.floraprive.com/zhi/Unibe.html,bad
blancogris.com/Unibe.php,bad
lacasadelcarpintec.com/smp/yahoop.html,bad
www.cr-mufg-jp.win/service/visitors/asps/sinkitou,bad
www.reo15.moe.go.th/reo15/components/Signin.php,bad
onlinedecu.cba.pl/yahoo.php,bad
bakekapw2.com/FOC.php,bad
www.missalli.nl/images/banners/english-0/en/en/doss/,bad
fgts-caixa.cf/principal.php,bad
excelsolarenergy.com/cgi/sign2/,bad
rattikagmr.in/cjf/neeew/new%20outlook/,bad
fractus.com/atendimento.santander.pessoa.fisica11/atendimento_pessoa_fisica/atualizar/index1.php,bad
getthelps-recoveri-disables.esy.es/confirmations/index.html,bad
newsvanguard.in/secure/BOA/home/confirm.php,bad
festainfantilbh.com.br/central/images/casa_small.jpg,bad
hormontant.se/wp-includes/css/picuter/www.pnc/page/verification/online/1/index.html,bad
Usaa.doc.bizburrows.com,bad
webdropbox.net/GOG/yGnHFKdhsd.php,bad
pages-5564.hol.es/facebook-security,bad
pages-5508.hol.es/log1.php,bad
pages-5508.hol.es/facebook-confirmation,bad
ip55.ip-144-217-29.net/www.itau.com.br/CartaoMilhas/atendimento/chama.php,bad
safety-check-893465.esy.es/index.html,bad
safety-check-938407.esy.es/index.html,bad
acct-recover67868.esy.es/index.html,bad
kalera-fb-scrty1.esy.es/recovery-chekpoint-login.html,bad
fppkdo.pspu.ru/error/058f0b949d02568411f89bf8/ppgoindexpage.php,bad
www.hotelcaucasia.com/login.php,bad
zovermedical.com.sa/blessed/aptgd/,bad
kancelaria24online.pl/logs/,bad
contact-support-fb.hol.es/verify/index.php,bad
secretsofthemind.net/wp-includes/js/tinymce/plugins/paste/js/acc/d65fd/security/signin/,bad
fb-securityloginfo707txtinc.esy.es/recovery-chekpoint-login.html,bad
polymer-pipe.com/a,bad
johnricerealtydadeville.com/image/adobepdf/91d471cc9840f4d3471602ee7aec0623/,bad
fb-safety-system2017.esy.es/recovery-chekpoint-login.html,bad
depatmens-recon2017.esy.es/recovery-chekpoint-login.html,bad
extratocontasinativas.com/web/,bad
marcof.pro.br/acesso.criptografado/cliente.conectado/pessoa.fisica.recadastrar/cadastrar.referencia/acesso.pendente.comunicacao/index.html,bad
sistemaconsultainativos.com/web/inter/,bad
fractus.com/pessoa_fisica_maio05/atendimento_pessoa_fisica/atualizar/index1.php,bad
bigrichpoems.com/dr/filewords/,bad
bigrichpoems.com/doz/filewords/,bad
importradee.com/ju/abvto/,bad
asdgxfhxhxchxcxcvhhvhhf.blogspot.com/,bad
fdhdfhdfhhfdfdhhdfhhfddfdf.blogspot.com/,bad
adadaadjaldkadlhadlsajlshsaah.blogspot.com/,bad
system-internos24hs.com/internas/,bad
re-sourceerror.esy.es/recovery-chekpoint-login.html,bad
miprofe.cl/wp-admin/network/rdr/5/,bad
vbly.us/2qtk,bad
sicoob-conta.com/clientes/,bad
seapost.com.ua/img/Customerservicetill.htm,bad
hjdjdk44d.net/mainbuding/aol/,bad
anywayrocks.org/cas.html,bad
whautopilots.com/wp-content/uploads/CBT/chase/chase/card.php,bad
er1cd13r.com/css/update.html,bad
www.edleigh.co.za/wp-admin/css/colors/coffee/cas.html,bad
www.zemo.org.ua/wp-includes/js/images/start.php,bad
shib.ncsu.edu.nllt.cf/idp/profile/SAML2/POST/SSO%3bjsessionid=node016xk3r5433jv81iwht2ysid47t867465.node0%3fexecution=e1s1/,bad
logs.en-action.com/accounts-login-confirmphp/,bad
aboutus.in/admin/outlook/validate/WebAdmin/Outlook%20Web%20App.htm,bad
m-amir.com/egyteb/biz/,bad
sjlearning.com.my/assets/kcfinder/upload/no_user/files/xnowxoffnowxnowoffhd/Log/home/websc-login.php,bad
wbmexed.com.ng/Exchange/,bad
phukien365.vn/Postepay/,bad
cart-si-titolari-20-17-efdgdf.dynamic-dns.net/red1/,bad
support109381.hol.es/facebook-security,bad
recovers-check-accounts.hol.es/recovery/recovery-chekpoint-login.html,bad
recover-fb-warning01.esy.es/recovery-chekpoint-login.html,bad
fb-recover-10.esy.es/recovery-chekpoint-login.html,bad
owahelpsno.16mb.com/,bad
webmailhelpdeskstaff.000webhostapp.com/,bad
purrfectphonesexjobs.com/!!..HXLaZaGsnp..!!//index.php,bad
eagleinfotech.edu.sg/plugin/font-awesome/fonts/fontawesome-webfont.php,bad
www.clickimagem.pt/modules/mod_banners/docume.php,bad
www.riclogauto.96.lt/login.php,bad
www.desertsportswear.com/bankofamerica.com/,bad
dooglinn.beget.tech/pp1/web17asp/,bad
lpmnuansa.undip.ac.id/pro/1/index.htm,bad
lpmnuansa.undip.ac.id/pro/2/index.htm,bad
m.facebook.com------------------login-secured.liraon.com/sign_in.htm,bad
j-wearfetish.com/atendimento/caixa.gov.br/pages/inter/index.php,bad
fgtscontasinativas.16mb.com/index.php,bad
portalfgts.com/caixa.gov.br/pages/inter/index.php,bad
103.236.137.117/caixa.gov.br/pages/inter/,bad
normansfinejewelry.com/ASDE/QWAUTHW/asb.co.nz/index.htm,bad
inhomecareidaho.com/wp-includes/news/dropbaka/07b4089c45eabdd3349d4d8ba473301a/pindex.php,bad
mainepta.org/eme/gm/excel/excel/,bad
caixa.suportedeconsultafgtsliberado.com/consulta9104336/index.php,bad
www.saiastrology.com/sender/Leaves/filewords/index.php,bad
notify-action-acct.esy.es/recovery-chekpoint-login.html,bad
fangtasiaphonesex.com/Godsgrace/Dropfile/,bad
latitudeinfra.com/admin/uploade/01myfs/dada9b67bf59f6aadf1357adbdfc409a/,bad
boxmail-fullupgrade.com/secured/,bad
www.michaelsmolski.com/0w1/Owa/,bad
miprofe.cl/wp-admin/network/rdr/4/,bad
kesenianjawa.undip.ac.id/wp-content/plugins/ADOBE_YEAR_2017/index.htm,bad
u.nu/zfy,bad
tinyurl.com/lhzy2me,bad
cover-acct789345.esy.es/index.html,bad
depatmens-recons001.esy.es/recovery-chekpoint-login.html,bad
carolyneslick.com/sos/Chase_Online.html,bad
protecfb-error.esy.es/recovery-chekpoint-login.html,bad
cover-acct76483.esy.es/index.html,bad
attxn.net/m/cprodx.att.net/commonLogin/igate_edam/controller.html,bad
bit.ly/2pKUTZ0,bad
assasasauysuysauysaysayasa.blogspot.com/,bad
miprofe.cl/wp-admin/network/rdr/16/,bad
click.waw.pl/mas678ben,bad
sac-uol-conteudo.byethost15.com/www.sac.uol.com.br/pagamento2/,bad
sac-uol-conteudo.byethost15.com/www.sac.uol.com.br/pagamento2/index4.html,bad
shastivelcotton.com/images/trash/Indexxatt/Indexxatt.htm,bad
ring-my-bell.com/secure/nn/nn/,bad
cname.hub-web.com/proccesing-fbaccountss/login.php,bad
h2hventures.co/styles/,bad
acessoseguroatodos.com/melhorandoonline/Urgente/SantanderSelect/index1.php,bad
caixa.suportedeconsultafgtsliberado.com/,bad
ournepal.com/images/band_of_kathmandu/scarred/fomula1/ssControlPanel.htm,bad
harigoindia.com/old-site/xx/ya/Yahoo.htm,bad
segurana.my-free.website/,bad
secure.saginawheadstart.org/myaccount/,bad
04daa73b.ngrok.io/secured42/23e08230a93871fa650553ccdf54ecf7/signin/,bad
kiwi-pools.com/dir8/confirm_identity.php,bad
pages-5507.hol.es/facebook-security,bad
www.mir-holoda.by/price.files/match.html,bad
support-fb-page.hol.es/logins.php,bad
paranavida.com.br/fontz/logss/filewords/,bad
phpmatrimonialscript.in/wp-includes/SimplePie/css/BOA/qes.php,bad
rccgpavilion.org/components/com_acymailing/controllers/js/fr/frebox158418/e1acec14bad70e2d1a80566e6c3108c4/,bad
doutorconsorcio.com.br/folder3/Arch/Arch/Archive/,bad
vuongquocsen.com/index.html.php,bad
www.sping-doo.si/Site_Seguro/www/Santander.com/br/Cliente=ID=/,bad
safety-check-278836.esy.es/index.html,bad
qzsclothing.com/mailbox/Yah/T/Y1.html,bad
recover-acct88000.esy.es/index.html,bad
last-warning-fb113.esy.es/recovery-chekpoint-login.html,bad
lexavierpartners.com/lex/info/,bad
mobile-free.kofoed-fr.com/Compte/93843687342927348376/8325682376834768237648/92029/d6b56/moncompte/,bad
primelog.amzweb.com.br/image/flags/sss/alibaba/index.php,bad
phpmatrimonialscript.in/wp-includes/SimplePie/css/BOA/card.php,bad
atualizar-cadastro.com/-bb/,bad
mobile-free.kofoed-fr.com/Compte/93843687342927348376/8325682376834768237648/95993/65569/moncompte/,bad
dentalimplantformula.com/nichepatients.com/,bad
mobile-free.kofoed-fr.com/Compte/93843687342927348376/8325682376834768237648/92029/da9cc/moncompte/,bad
fgtsconsultainativos.com/inter/web/,bad
saldofgtsgov.com/caixa.gov.br/pages/inter/index.php,bad
promocaorecar.ga/zn/info.php,bad
mobilier-lemnmasiv.ro/wp-content/plugins/giga-slider/lang/alibaba.com/Login.htm,bad
igforweddingpros.com/hhhhhhh/driveup/63f2b3c183ef56ec7a14e79141d6df0c/login.php,bad
www.fahwonmai.tv/sites/all/databases/index.php,bad
owaispsecuredesk2017.myfreesites.net/,bad
forfindquality.com/Core/Foundation/Exception/li.php,bad
loadingspeacceasy.atwebpages.com/update-payment.php,bad
virgilecatherine.fr/oral/css/login.php,bad
www.supporto-informatici.info/cartasi_1.php,bad
www.antiquehostel.ro/logs/sxxs/0e92aeba37fa2bcc59a7999f36df2f6d/verification/verification.php,bad
www.desertsportswear.com/bankofamerica.com/f2ad24ed2c72565d5df52a7bfa652351/,bad
www.pursorder.esy.es/purchase/req.php,bad
supporto-informatici.info/cartasi_2.php,bad
www.mir-holoda.by/price.files/adobeCom/inc/index.php,bad
newsvanguard.in/secure/BOA/home/info.php,bad
newsvanguard.in/secure/BOA/home/confirm.php,bad
newsvanguard.in/secure/BOA/home/info.php,bad
newsvanguard.in/secure/BOA/home/confirm.php,bad
saferpdf.000webhostapp.com/adobe.html,bad
guard.trustlawsuits.com/fresh.php,bad
supremehosting.co.nz/client/ioncube/Update/paypal/login.php,bad
backup.din-14675.de/tmp/s.png/,bad
sandiegovendingmachine.com/wp-admin/cs/domain/Login.php,bad
emailbradesco.esy.es/mail/mobile/app/thmpv.php,bad
www.fontedevidaeterna.org.br/confirminfochaseonline.com/chase/5915a83c5ca352d1a60f39bf8aacaff2/email.php,bad
sivasosb.org.tr/joomla1.txt,bad
cabinetelendil.be/hil/office/,bad
universityrankings.com.au/css/OWA(1).HTML,bad
snfp.ro/wp-content/plugins/moc.htm,bad
bit.ly/2p6nYKl,bad
srixlex.com/server/squar/KE11Y,bad
constructions.pancakeapps.com,bad
poggisub.it/modules/Dropbox/Dropbox/Dropbox/1f539c7b586499970ef4ac3c9f72f596/,bad
bisnis101.com/share/view/adobe/user/login/index.htm,bad
elicos.com/cha/Chase0ChaseChasechase-Online/wwwhttpsChase-Chase0ChaseOnline/wwwChaseOnlinebankingcom-account0notifications0CentreUSA/index.php,bad
banorte-rs.com/JKKUIGH/HJ6GHKH/HGJ65/FGG5J/NG43/N5DF/NB4F/NH54/HN4/N5GG/H44H/N66G/J55G/,bad
bright-wedding.com.ua/wp-content/uploads/2017/05/.a/,bad
www.siclogistics.com/hb.htm,bad
www.meu-fgtscaixa.com/2017/pages/inter/index.php,bad
www.pellicole-adesive.com/logs/public/,bad
www.formget.com/app/forms/view/RQcc-246023,bad
www.sping-doo.si/http/www/Santander.com.br/br/Cliente_ID=/,bad
page.app15.in/themeset1_2015-08-07-11-24-38/app/y/index.htm,bad
paypal1.uk-ppl202.com/sd/,bad
tinyurl.com/l6as4o2,bad
www.maszx.org/template/default/portal/roox/index.php,bad
segurom3.beget.tech/atendimentoseguro/,bad
belgiumimagyarok.be/wp/log.htm,bad
faridhosiery.com/aol.net/www.aol.com/index.htm,bad
herballineteam.eu/components/com_content/views/article/tmpl/Suntrust1/Suntrust/Suntrust/Suntrust/Suntrust/Suntrust/SunTrust -Online Banking.htm,bad
mashtaresort.com/mail.htm,bad
pixelnam.net/skonsko/BDBBB4/BDBBB/BDBBB/dpbx/index.php,bad
www.unitedkingdomimmigrationservices.org/jj_jp/e3dc325482ee637ca0bda89a9370b486/,bad
grannyflat-s.com.au/army/domainz/domainz/review/,bad
ip-160-153-224-253.ip.secureserver.net/,bad
inativasfgtsativas.site/tnt/caixa.gov.br/pages/inter/envio1.php,bad
piewerks.com/chinex/ogs/draft/mail.htm,bad
www.facebooknotsz.gq/f4/123456.mob,bad
www.facebooknotsz.gq/f4/,bad
savagtolldoc.us/done/index.html,bad
sivasosb.org.tr/webvc/index.php,bad
simer.com.tr/tescoonlineupdate.secures/,bad
www.antiquehostel.ro/logs/sxxs/dda6e20944a66809a09f4c577a882cac/verification/verification.php,bad
www.carolyneslick.com/chase/Chase_Online.html,bad
piewerks.com/chinex/ogs/draft/,bad
robashburn.com/gg/ayo1/,bad
www.faridhosiery.com/new/yahoo/login_verify2&amp,bad
www.snaphelp.byethost18.com,bad
www.prize.life/libraries/joomla/cp.php,bad
camillascake.it//images/bannerss/.default/.express/.manage/.impress/.service/,bad
librievini.it/casfhgkjfhgkjdfhuigiyuyuruejfhjhgfjdhkj,bad
offerup.com------------------login-confirm-account.aggly.com/Login%20-%20OfferUp.htm,bad
onlin-info-alert-sys-01.esy.es/us/Home/62i83dr26j,bad
carolyneslick.com/chase/Chase_Online.html,bad
email.premiumx.my/edr/GD/PI/,bad
seguranca-santa-mobile.000webhostapp.com/app/dados.php,bad
sarmawola.pl/signin/,bad
bit.ly/2pD2nLt,bad
makingdigital.com.br/wp-includes/CentralClientes/index1.php,bad
cliente01.novoportalb-b.com.br/,bad
carolyneslick.com/yah/Yah/T/Y1.html,bad
faridhosiery.com/new/yahoo/login_verify2&amp,bad
www.caixa.gov.br-fgts.gov.br.trabalhador.servicos_online.saldo_fgts.asp.ct56372.tmweb.ru/oferta.cliente,bad
saldoinativofgts.com/contas/acesso/pages/inter/index.php,bad
recover-acct8431.esy.es/index.html,bad
recovery-your-acct-chekpoin-402.esy.es/recovery/index.html,bad
dhiyaselectric.co.id/o%20-%20Copy.html,bad
bit.ly/2oXbqtJ,bad
activation-locked-help17.16mb.com/help-fb/fb.mobile/index.php,bad
www.hallwaystreetsigns.com/pdfs/home/1baec2b40858a848369b35612c8fb982/,bad
cellusconections.info/ule23575/watchts%3Fv%3DVI1awdJBldc/Qbqo-bQpoho/TFHY-J77vmw/index1.php,bad
supporto-informatici.info/cartasi.html,bad
tinyurl.com/kbtetvp,bad
cargo-hangnadim.com/surecers/Discover.com/index.htm,bad
www.radaradt.com/portal/libraries/gantry/images/iphone/esp/error.php,bad
kenmetcalf.com/old/images/su.htm,bad
www.radaradt.com/portal/libraries/gantry/images/iphone/js/home.php,bad
thomasmorall.co/amex/Validation/,bad
bibliophile.free.fr/tax.php,bad
www.promosmilancamp.it/mjc/hwdvideos/thumbs/indo.php,bad
pages-5503.hol.es/log1.php,bad
pages-5503.hol.es/facebook-security,bad
safety-check-73652.esy.es/index.html,bad
plumberstomballtx.net/wp-content/bod/E2F-BIN/E2NCNR01.php,bad
desbloqueiomobile.com/to/,bad
whatsmyhomesvalue.us/DocuSign/Secured/healthgov/,bad
wrkinprog.com/wp-admin/network/docs/a065df23d91e4a420483d210fd1689c7,bad
cover-acct8678.esy.es/index.html,bad
www.bestlight.gr/skin/frontend/default/modern/images/media/index.php,bad
liceosanconrado.cl/00202fjf/casts/,bad
ashimsolutions.com/logchase_dpt/index.php,bad
festainfantilbh.com.br/piscina_de_bolinhas/index.htm,bad
ovbppst.pe.hu/00987654565456765342345678uujujujjuj7654576890987654567890/,bad
dallas177.arvixeshared.com/~jforgash/Ppl.php,bad
pursorder.esy.es/purchase/,bad
meowmeowmugs.com/nccx7ak/index.htm,bad
dhlmail.000webhostapp.com/Linkedinn/login.htm,bad
dhlmail.000webhostapp.com/Linkedinn/Email_error.htm,bad
mirazfood.com/update/New/success.php,bad
paypal.gb-ppsweb.com/sd/,bad
www.radaradt.com/portal/libraries/gantry/images/iphone/js/zawd.php,bad
www.radaradt.com/portal/libraries/gantry/images/iphone/esp/esp.php,bad
www.radaradt.com/portal/libraries/gantry/facets/menu/themes/touch/esp/zessd.php,bad
www.nanotechnopolis.com/validdocument/,bad
www.nanotechnopolis.com/validdocument/9dbe7127e25a7065795f971452e848c0/,bad
www.nanotechnopolis.com/viewdocs/216a90999c44c5fba9a4df02e696bd37/,bad
www.nanotechnopolis.com/viewdocs/,bad
netlflex-001-site1.1tempurl.com/isnm/,bad
www.unitedkingdomimmigrationservices.org/jj_jp/ab915942e58c760ebd16ed102c0a54e2/,bad
www.unitedkingdomimmigrationservices.org/jj_jp/,bad
c3pluscs.com/secured/index.php,bad
www.skytel.lk/bofa/home/login.php,bad
www.radaradt.com/portal/libraries/gantry/html/layouts/html/xewsaq.php,bad
lightshadeinc.com/wp-content/dropbox/dropbox/,bad
www.eladorno.co/de/index.htm,bad
new72matchphotos.890m.com/index.htm,bad
p0f.desi/Login_to_Your_Account(9).htm,bad
bitly.com/a/warning,bad
goodnessvanillalive.com/xupx/chinko/index.php,bad
gusp.pt/olasa/driveup/df1300056d9b054301c0650015536105/login.php,bad
previewphotos.16mb.com/,bad
matchphotos021.96.lt/index.htm,bad
karikari.com.br/wa_gallery/,bad
innoscript.nl/paypal-customer/webapps/c74b1/websrc,bad
searchtripdeals.com/!!..HXtR77LffQ..!!/home/,bad
platerom.ro/mygenlvl/products/viewer.php,bad
piewerks.com/chinex/ogs/draft/mail.htm,bad
festivalbecause.org/boks/rap/olsag/almiu.html,bad
superhousepictures.com/dhl/awb/tracking/DHL%20AUTO/dhl.php,bad
liceosanconrado.cl/836gsg5/casts/,bad
verifyonline.live/new/hass/e175e0395a5fcceb980485ac37f043f1/login.html,bad
oa.ying-zhuo.com/bbsnew/utrasfc/harghi.html,bad
goo.gl/dJIYS9,bad
eveannlovero.com/modules/footer/mp/autoexcel/excel/index.php,bad
www.100clubchicago.org/asset/office/350/,bad
paypal.gb-ppsweb.com/sd/confirm.php,bad
www.polyplanltd.com/js/en/,bad
hubenbartl.at/www.google.com/,bad
www.radaradt.com/portal/libraries/gantry/facets/menu/themes/touch/esp//mxea.php,bad
www.ecutrack.com/box1/dropbx.php,bad
gsl.xiyoukeji.com/ueditor/feed/zabbbbbbi.html,bad
manieyt.tk/,bad
amazon-check-81.de-support.ru/vetos/anmelden.php,bad
manage.apple.com.webobjectsd5dbc98dcc983a7028bd82d1a47541.divinityhousingprojects.com/7ae1c6c2293e74bc814747a63bde302f/login.html,bad
omahcorp.co.id/dx/b0028c287609714d60df89942ca88094/,bad
deltaseguridadbolivia.com/img/public/,bad
igforweddingpros.com/hhhhhhh/driveup/66dc158d3547ff71bd59d802589a4704/login.php,bad
omahcorp.co.id/dx/012962f7ce4c0854415e6bd264535560/,bad
i-house.se/wp-trackback/en/,bad
cic.com.jo/libraries/openid/Auth/OpenID/system/login.php,bad
ad-blockeds.com/--/www.impots.gouv.fr/file/dd14aa66803d699fee4b16424002d39d/,bad
ad-blockeds.com/--/www.impots.gouv.fr/file/cf036cb9af9ed6833821231c37a85a51/,bad
town-el.com/images/metalware/xkzero/docusign.com/ldcs/index.php,bad
www.scoreyourexback.com/aol.net/www.aol.com/,bad
nanotechnopolis.com/validdocument/f4d2dfb73a486890c95a3b59d9090b5f/,bad
saughallmassie.org/we/seniorpeoplemeet/v3/login.html,bad
www.paypal-resolveds.com.informations-payments.nut.cc/webapps/11fe9/websrc,bad
uesi.aesbiz.com/wp-content/themes/twentyfifteen/inc/monn.htm,bad
www.lhndemo.com/wp-css/update.html,bad
www.abcroadandlockassistance.com/IWA/GD/,bad
www.sanitaire-express.fr/skin/frontend/AdobeVerify/index.html,bad
www.eventhire4u.com/parosky/c20fc985e383229ad100f434ac404397/,bad
crimsonadvisorygroup.com/wp-admin/online-banking/Cappi/last.php,bad
crimsonadvisorygroup.com/wp-admin/online-banking/Cappi/One360.php,bad
hoiniki.by/wp-content/ngg/modules/1/sa/admin.html,bad
hoiniki.by/wp-content/ngg/modules/1/sa/index.php,bad
www.nnordson.com/%7b%7d/781687308acaa5e461dab88736b39e34/,bad
brimkers.com/ausinvcontracts/ms/,bad
shop.luigibaldo.com/cloud/logintoyouraccount.securebilling/mi/index/web/,bad
shop.luigibaldo.com/cloud/logintoyouraccount.securebilling/mi/index/web/,bad
besame.com/buscador/china/,bad
tetedebois.ca/wonderland/Gdoccc/,bad
freestyle.d934713.u-telcom.net/Boa_Fud_2016/home/login.php,bad
zovermedical.com.sa/worthie/aptgd/,bad
cic.com.jo/libraries/openid/Auth/OpenID/system/login.php,bad
nanotechnopolis.com/validdocument/38db23899b2225acc540a2cc9b4dae45/,bad
nanotechnopolis.com/viewdocs/a09cfd617135eb9c20d0bb6fd6cdd9c9/,bad
kohchang-holidays.com/t-online/t0nline/user-verify.htm,bad
www.web2sale.com/wordpress/wp-content/upgrade/pnc.htm,bad
capsilab.com/wp-admin/css/colors/adobepdf/,bad
scoreyourexback.com/aol.net/www.aol.com/index.htm,bad
deliziedallasicilia.com/view2/file/index.php,bad
www.apple2api.com/indexx.html,bad
hoiniki.by/wp-content/ngg/modules/1/sa/admin.html,bad
hoiniki.by/wp-content/ngg/modules/1/sa/admin.html,bad
fsdressbd.com/Resources/libraries/KJI/crypt/index.html,bad
usnnvery.hol.es/US.BANK/USDB/Home/home/auth/,bad
d662653.u-telcom.net/gggg/ayo1/,bad
abcroadandlockassistance.com/IWA/GD/,bad
d662653.u-telcom.net/ggg/ayo1/,bad
lhndemo.com/wp-css/update.html,bad
town-el.com/images/furniture/living-room/nrpgroup/docusign.com/ldcs/index.php,bad
zip.net/bltHKt,bad
desertsportswear.com/bankofamerica.com/c90da847db9803c2dc7bc28bfb1f52fc/,bad
desertsportswear.com/bankofamerica.com/b3bd4cd09ccfad2b4cc886674ed0f034/,bad
desertsportswear.com/bankofamerica.com/0851e47ba18dffc71d7473a5d26ede59/,bad
1drv.ms/xs/s!AvfOtwj8HUk3lALJBGk-H9s1dhiC,bad
ardobiejewska.pl/libraries/phputf8/mbstring/adb/nix.html,bad
mkt-santa.000webhostapp.com/app/dados.php,bad
protokolo.com/plugins/system/highlight/highlight.html,bad
www.southerncomfortmechanical.ca/confirmation-account/information-account.updates/webapps/2f93a/websrc,bad
novotelbd.asia/blooding/drpbdocs/,bad
sll.well.com.mangtonics.in/WellsNew/,bad
bestincs.com/Dropbox/Dropbox/Dropbox/WS/8544b70514b0449d008c7091a66d58f9/contlnue.php,bad
confluentc.com/images/excelfile/74432a853b79550cdab03dbb6bbd3497/,bad
revistatourgourmet.com/tmp/mail-box/TnpBNE16VTFPRGc1/,bad
capsilab.com/wp-admin/css/colors/midnight/adobepdf/error.html,bad
www.nnordson.com/%7b%7d/1ccc2a9663830e10a51f54c41ff20bfd/,bad
cover-acct6445.esy.es/index.html,bad
wildfor.life/share/139/html/dfvAGds/doc147/74353cee37c9ecb6a451bc954bafca10/,bad
daydo-app.com/ibeacon/configuration/Billing/information/verification/secure/center/amz/moises/4da943b781212f12af6a38cec88316f4/welog.php,bad
www.ornamentmania.com/lib/gdoc-secure/gtex,bad
ioannasakellaraki.com/log/,bad
hetys.com/1/1/3a05e762b509f0ce34759e521fab7ff5/,bad
centreforcorporatecoaching.com/okaposa/engauto189/mailbox/mailbox/,bad
ansti.org/email/gmail/login.php,bad
lilistephens.com/2017/5634/,bad
michiganlegacyrun.org/wp-includes/images/media/docs/f9a9ed0650facc5c38a2e610e70531cc/,bad
michiganlegacyrun.org/wp-includes/images/media/docs/ecf6e39f4c4c31ce30a7ab3b73013d63/,bad
michiganlegacyrun.org/wp-includes/images/media/docs/cb526d16caaa76162cf2058f1e4e13b0/,bad
michiganlegacyrun.org/wp-includes/images/media/docs/66ec98fade446a1d5aaee83ecca64008/,bad
liceosanconrado.cl/02364LOJD/casts/,bad
michiganlegacyrun.org/wp-includes/images/media/docs/1f5b3affcbd626772a3bb23d1cbae1b9/,bad
michiganlegacyrun.org/wp-includes/images/media/docs/0980832a9d883da9ec7411b5161fdee6/,bad
lambabajunior.com/gaz/Googledrt1/login.php,bad
www.contasinativas.caixa.gov.br-fgts.gov.br.trabalhador.servicos_online.saldo_fgts.asp.cs31547.tmweb.ru/oferta.cliente,bad
www.adsensemart.com/dp/ayo1/ayo1/,bad
almihrab.com.my/dhl/adobelatest/adobe/,bad
acr.suisscard.ch.secure3.registrierung.suisstip.info/,bad
murraylorri145.000webhostapp.com/linkedsneed in page (1)/linkedsneed in page/index.html,bad
ativar-cadastro.pe.hu/ml/ml/mercadolivre/,bad
madilina.com/wordpress/error_txt/validate.htm,bad
internetbod.com/pod/,bad
cover-acct0020.esy.es/index.html,bad
cover-acct5438.esy.es/index.html,bad
77.194.54.247/wordpress/online.hmrc.gov.uk/index.php,bad
email.windwardalerts.com/c/eJxtjjFvwyAQhX-NvVQgOIMhA0PSONkytNkrfJDElR0sjGX535eokoeqy9Ppe_fuHZp1Ny596Yyzddti2RlgXDHJgEMluaZVrYEKCVpQLvXppJtDIdjSPd1io7O9j2miGIbyYQA1olOtUO1NWkThAVSrdrVAjnizZW_-yUXz7WNc6RAeMV8O0d_Dc0o2eerdXA4rwXlKYSDOJmsKdSgAPprzcX9t8lRU-6z555pwIFy_MZVRJbOApOy1Ae9Z7zHM41fntgjfrOSHsc91m6t--Wdzuf5tUYRJwuCF1PEHscdZow,bad
baltkagroup.com/mailcheck/source/,bad
owa1.everettwa.gov/owa/redir.aspx,bad
www.botecodomarianobit.com/pages2/inter/home.html,bad
premiosmastercard.esy.es/W!645/index/,bad
goo.gl/JVVHeA,bad
bit.ly/2qww0gG,bad
adsensemart.com/dp/ayo1/ayo1/,bad
tauruswelding.com/flight/stage/af/ad/ghjk/pvtd_clnt/index2.php,bad
c4cqk784.caspio.com/dp.asp,bad
caixaonlinefgts.hostkda.com/pages/,bad
telegraphycoursemorse.com/cielo/,bad
tinyurl.com/mt5hquu,bad
contasinativascaixafgts.name/caixa.gov.br/pages/inter/index.php,bad
signin.amazon.co.uk-prime.form-unsuscribe.id-7816.nproofing.com.au/ren/op/,bad
primoframe.com/amber/,bad
tinyurl.com/katfbes,bad
consultabeneficiosmirror01.esy.es/Consulta/acesso/,bad
tinyurl.com/n8g7wy8,bad
adpportal.hol.es/adp.payrollchanges/,bad
ts4.96.lt/i/,bad
diariapromotionspecial.com/OFERTAS11910apc/produto.php,bad
innamorata.com.ar/melodyfriespitchment/Docusign/index.php,bad
promotion-smart.com/iphone5s.html,bad
designaxis.net/secure-doc/DropNewVasion/Fresh/,bad
ornamentmania.com/shell/gdoc-secure/gtex/,bad
euromina.com.vn/%20%20/home/pessoa-fisica.php,bad
attlw.net/m/cprodx.att.net/commonLogin/igate_edam/controller.html,bad
check-your-acct2017.esy.es/index.html,bad
websitebuilder102.website.com/ITservice1/,bad
purchase-order.esy.es/purchase/document.html,bad
w-reia.com/wichita/new.php,bad
xicksy.win/xhht4ff2odc.html,bad
check-updates-app.hol.es/logins.php,bad
check-updates-app.hol.es/system-confirmation-fb,bad
mygosecure.com/,bad
mygosecure.com/,bad
www.hallwaystreetsigns.com/pdfs/home/bfbe060107cd442c604ff0a69cc8a940/,bad
chmsry.org.za/Topultimatenew/product/products/,bad
centreforcorporatecoaching.com/okaposa/engauto189/mailbox/mailbox/,bad
centreforcorporatecoaching.com/okaposa/engauto189/mailbox/mailbox/,bad
advancemedical-sa.com/file/review.pg/manage/,bad
yanluxe.com/wp-content/themes/idstore/js/index.php,bad
www.sicoobcard.net.br/413123/inicio.html,bad
check091.hol.es/log11.php,bad
supports01123.hol.es/facebook-confirmation,bad
halpcenter-001acontscheck.esy.es/recovery-chekpoint-login.html,bad
ecutrack.com/box1/,bad
cop.com.pe/wp-content/adobee/adobe.php,bad
shobiziems.com/dreamforce/sess/ca43f279b087320cba6ba3087a8f1f39/,bad
lhhaokailighting.com/wellsfargo.Gucci/identity.php,bad
siyacom.net/listoforderitemsneededforurgentsupply/cgi-bin/fomfix/form/,bad
www.service-freeboxligne.com/assurez/9ae75b651ab5a58462046a33308528b8/,bad
service-freeboxligne.com/assurez/,bad
tisch-und-decke.de/Gon/cpanel/,bad
bunchyogurt.com/wp-content/themes/x/framework/css/index.php,bad
confluentc.com/images/excelfile/1bfc02a75ee568412279b969645fd856/,bad
wish4job.com/page/mpelidrop.html,bad
mzansinet.co.za/log/all/d/DHL%20AUTO/,bad
recoveri-legalfb-acct2017.esy.es/index.html,bad
cover-acct0926.esy.es/index.html,bad
resolve-acct6548.esy.es/recovery-chekpoint-login.html,bad
yeusinhly.com.vn/t.php,bad
yeusinhly.com.vn/themes/in.php,bad
www.sqi-mail.com/Dropbox/d231f317f2b3e9015b76d9fff7746648/verify.php,bad
mdllanos.com/wp/qouta/Aldomain/mailbox/domain/,bad
baitherbackreview.com/wp-content/gtex/,bad
amirerfanian.ir/wp-admin/ivxn/home/,bad
habercinimnette.tk/index2.php,bad
www.santiagoingaramo.com.ar/tmp/Google101/Google/dld/us/,bad
footkre.in/docusingn/index.php,bad
www.maxiking.com.bo/LLC/Limited/,bad
support-5560.hol.es/log1.php,bad
www.geko.fr/components/com_contact/models/new/1.php,bad
mskindia.net/security/frontier/frontier.html,bad
innoscript.nl/paypal-customer/webapps/,bad
himatemia.undip.ac.id/wp-content/uploads/2017/02/Zeska_seznam_verify-email_security/general_login.htm,bad
13453765871837679316.googlegroups.com/attach/5ed5d019a6363180/docfile..htm,bad
www.andrewrobertsllc.info/adobe/adb/83d3ff008ee17e6bcc985ac921303666/index2.htm,bad
bit.ly/2oOkGv9,bad
www.stchartered.com/images/adb/,bad
cihancelikonline.com/wp-content/upgrade/logining.php,bad
familyinsuranceservices.com/-/am/,bad
stchartered.com/images/adb/,bad
www.whatsapservice.com/Teamprodnationalstation/Idnumber6546546546548/client-update-5fgh5f4gh65df4h6d5f4h6df5h46f5h46dfh54df6h54df6h45df65465f45fdh64dhfg546df4g6sdg546sdg94/pp/,bad
andrewrobertsllc.info/adobe/adb/,bad
www.jsb.ac.in/notice/cool.php,bad
posmogo.com/securee.php,bad
gem.tools/shell/dejiwire/fmsk/garyspeed/165957739e5e07bdb83b0c3b9799899a/,bad
radiocatolicalaconsentida.com/funciones/oba/DHLAUTO/DHLAUTO/DHL%20AUTO/dhl.php,bad
radiocatolicalaconsentida.com/funciones/oba/DHLAUTO/DHLAUTO/DHL%20AUTO/dhl.php,bad
radiocatolicalaconsentida.com/funciones/oba/DHLAUTO/DHLAUTO/DHL%20AUTO/dhl.php,bad
radiocatolicalaconsentida.com/funciones/oba/DHLAUTO/DHLAUTO/DHL%20AUTO/dhl.php,bad
medixasia.com/ADE/GD/,bad
www.con-v-air.com/oxylus/Gee--mpp/Valid/a3356904,bad
incrivelpromocaomaster17.16mb.com/registro.php,bad
www.mastercardpromocao.16mb.com/,bad
www.mastercardpromocao.16mb.com/registro.php,bad
varietytransport.com/wp-includes/SimplePie/XML/Declaration/L/,bad
www.nnordson.com/%7b%7d/fe81304e4ba595a0538731019149d319/,bad
dothothinhvuong.vn/wp-content/uploads/2017/02/d/ayo1/ayo1/ayo1/,bad
tetedebois.ca/wonderland/Gdoccc/,bad
ibcnews.pk/admin/chasee/fcc.php,bad
www.landsnfields.com/dropbox/dropbox/,bad
dothothinhvuong.vn/wp-content/confg/ayo1/ayo1/ayo1/,bad
oneworldorganisation.org/plugins/minify/lib/Minify/doc/06f8d0ce7283668dee7379045197d3f9/,bad
masgie.com/zfilom5/newdropbox/,bad
lepoker-en-ligne.com/wp-admin/posh.htm,bad
wickedsickness.com/lkjshx/mailbox/index.php,bad
hibbfamily.com/wp-admin/%5b%5d/7129188770da3d33ef3c4f12317e5c20/,bad
andrewrobertsllc.info/adobe/adb/1b87d29e90795df51877cd86cec2538a/index2.htm,bad
mhasantech.com/wp-content/plugins/woocommerce/templates/global/you.have-75nab/,bad
vermolicas.for-our.info/hescientiststravelled/ontworesearchvessels/almostkilometresfrom/ichangtothenearbyhree/loginfile/foo-autenticazione.php,bad
bem.undip.ac.id/zpo/1/index.htm,bad
grannyflat-s.com.au/data/domainz/review/,bad
bit.ly/2pxbgJo,bad
masterpremiopravoce.esy.es/index7/cadastro/registro.php,bad
grannyflat-s.com.au/data/domainz/domainz/review/,bad
alphasolutions.com.pk/dl/054d01b/login.html,bad
fb-securityloginfo405txt.esy.es/recovery-chekpoint-login.html,bad
protecfb-error-404.esy.es/recovery-chekpoint-login.html,bad
fbscurerescekpoint23.esy.es/recovery-chekpoint-login.html,bad
samaalreem.com/pedrodoc/index.html,bad
alpa.co.za/modules/mod_feed/pay/index.html,bad
greatwesterncatskills.com/z/,bad
agenmurahgrosir.com/page/Bofa/security.php,bad
ecutrack.com/box1/dropbx.php,bad
primoframe.com/jimmy/,bad
wpcgwadar.com/iyawoee/aptgd/,bad
mobile-free.metulwx.com/mobile/impaye/e413ea8afcc080a62afbbd4a53ae798f/,bad
www.chevysportsman.com/xxxxx/Aol/aol.htm,bad
freestyle.d934713.u-telcom.net/Boa_Fud_2016/home/login.php,bad
worldtekevents.com/drive/drive/,bad
wickedsickness.com/gb/tracking.php,bad
tauruswelding.com/apply/eg/dg/wet/gfb/domain/pvtverify_clnt/index2.php,bad
tauruswelding.com/apply/eg/dg/wet/gfb/domain/pvtverify_clnt/,bad
freenligne.com/free-mobile/free/user_id-5906fa791243e-738/,bad
zaybtan.com/blessedd/aptgd/index.php,bad
toplomashinex.com/wp-includes/SimplePie/XML/Declaration/hua.htm,bad
www.zenhome.tn/amsweb.php,bad
lambabajunior.com/gazal/Googledrt1/,bad
lambabajunior.com/4wale/Googledrt1/,bad
lambabajunior.com/pdf/Googledrt1/,bad
lambabajunior.com/gman/Googledrt1/,bad
lambabajunior.com/gaz/Googledrt1/,bad
blocked-notifications.co.nf/confirm/index.htm,bad
help-fb-contact.hol.es/support/index.php,bad
www.jobduties.org/boj/bmg/,bad
itbsbr.com/lma/DHL/DHLExpress/autofil/id.php,bad
service-freeboxligne.com/assurez/4ff270fc23e5092af4190f37237470a0/index_2.html,bad
service-freeboxligne.com/assurez/4ff270fc23e5092af4190f37237470a0/,bad
brimkers.com/ausinvcontracts/ms/al.php,bad
brimkers.com/sfginvest/cdg/,bad
stchartered.com/images/adb/4a6e07e3a67d6a683dc2d1cabcd51860/index2.htm,bad
jaymecares.com/B/sound/edocz/s2/,bad
zioras.pl/Gdocs/s/,bad
theparlourbeautyrooms.ie/dehl/Yah/T/Y1.html,bad
jovan.soldatovic.org/css/google-manual/a3b6313fcfae89f8e394f9198ade566c/,bad
www.diethealthresource4u.com/wp-content/plugins/Ashe/5940275e8ad33d7180718c132f39d9f0/,bad
noway.oloruntiseoluwaseyi.com/006a9f1115c643200c315b5fde539f46/,bad
mobile-free.metulwx.com/mobile/impaye/74b3256454ac92ff371620778f69eb18/,bad
mobile-free.metulwx.com/mobile/impaye/0bd551f8a879b3352e896aa800838a06/,bad
tahubulat.co.id/allana/dropbox/,bad
siyacom.net/listoforderitemsneededforurgentsupply/cgi-bin/fomfix/form/confirm.php,bad
yokohamajijyou.com/fos/,bad
zovermedical.com.sa/bcvbcvsss/aptgd/,bad
zovermedical.com.sa/okla/aptgd/,bad
wocci.com/c3/,bad
lambabajunior.com/lol/image.htm,bad
primoframe.com/Scott/,bad
baltkagroup.com/mailcheck/source/verification.php,bad
nordaglia.com/gcheck/source/verification.php,bad
baltkagroup.com/check/source/verification.php,bad
the-yellows.eu/www.paypal.com/paypal/www.PayPal.com%20Full-Z/ffggf5g9652g6g526g2g6dgd2g6g26g5gf63g26g52g/,bad
wpcgwadar.com/Mayor/Wm.php,bad
brimkers.com/superprojects/aidss/,bad
get-verifi.esy.es/recovery-chekpoint-login.html,bad
tinyurl.com/lyol54j,bad
the-yellows.eu/www.paypal.com/paypal/www.PayPal.com%20Full-Z/ffggf5g9652g6g526g2g6dgd2g6g26g5gf63g26g52g/webscr.html,bad
adds-info-pages2017.hol.es/recovery-chekpoint-login.html,bad
pc-virus-373n3lc.info/,bad
theparlourbeautyrooms.ie/jimu/gmx/gmx.html,bad
loogin-facebook-checkpoin7888.esy.es/confirmation/,bad
studycanberra.com/boaa/step3.html,bad
studycanberra.com/boaa/step2.html,bad
studycanberra.com/boaa/step1.html,bad
mobile-free.metulwx.com/mobile/impaye/8c38590d8b9294bd252db02c0e55650f/,bad
www.chevysportsman.com/xxxxx/Aol/aol.htm,bad
nasydco.com/wp-includes/paypal.com.au/webscr.html,bad
notif-offices.esy.es/recovery-chekpoint-login.html,bad
cover-acct2083.esy.es/index.html,bad
skanke.no/wp-content/themes/moc.htm,bad
wickedsickness.com/lkjshx/mailbox/index.php,bad
mailemacces.form2pay.com/accessmails.html,bad
tinyurl.com/kqoverh,bad
www.inhomecareidaho.com/wp-includes/news/dropbaka/07b4089c45eabdd3349d4d8ba473301a/pindex.php,bad
selectonline24hs.com/protecao/mobi.php,bad
selectonline24hs.com/protecao/,bad
bit.ly/2oPEpec,bad
www.theyolostore.com/js/calendar/skins/aqua/welcome/AOL/index-aol.html,bad
question.pcubelive.com/investment/html/,bad
kamazcentr.nichost.ru/media/k2/index2.html,bad
bloggersport.org/wp/ice/019b523910bc10f01e6f1c97caa50942/,bad
emax.kiev.ua/wp-admin/network/online/ppl/b5579b272d610f0640c300afb0bda1ce/,bad
privatewebschool.esy.es/Mafioz0o_v1,bad
privatewebschool.esy.es/Mafioz0o_v1/,bad
forms.zohopublic.com/adminhelpdesk/form/Reunionformforindividual/formperma/b0e00045C9hHf46k0BK80mG4B,bad
www.australinvestment.com/.NSGG/B/,bad
medicareindiana.com/wp-includes/js/autoexcel/excel/excel.php,bad
jobduties.org/boj/bmg/,bad
www.wanderfootventures.com/images/admin/match.html,bad
w-reia.com/suntitle/new.php,bad
w-reia.com/bremer/new.php,bad
cenkershipping.com/wp-content/upload/moc.htm,bad
www.mltmarine.com/ml/Tr4p/bf653e242e090f4367f03ec51d4c779e/,bad
ultravioleta.com.br/webalizer/-/2017/Atualizacao.Santander-evite-transtornos/Atualizacao.Santander2016/,bad
mundialpecas.com/gdc/wp-admiin/wp-admiin/admiinn/index.htm,bad
subscribe-free.info/Mobiels37627/33fa0/07dc9/moncompte/index.php,bad
payqal-com-secured.user-recover-id.igg.biz/da90b0e6d260ad69c12c7db6333dd256MjI4MTVhM2FjZWJkZmU3ZTJjYjYwNmZhMTAyMjkwYTA=/,bad
www.australinvestment.com/.NSGG/B/,bad
www.alaedincenter.com/.modul/.triads/board3/blackboard.htm,bad
j8x.96.lt/f/,bad
support-5560.hol.es/confirmation,bad
vetsipujcka.cz/,bad
acct-recovery-check.esy.es/index.html,bad
ulrickfdghj123456.com/kffjdjsk/Validation/,bad
safety-check-64879.esy.es/index.html,bad
forryscountrystore.com/wp-content/gallery/dpbx/,bad
safety-check-98735.esy.es/index.html,bad
usbank-auth37code.esy.es/USDB/Home/home/auth/,bad
acct8877.esy.es/index.html,bad
02929483338cocq.000webhostapp.com/1.html,bad
safety-check-28365.esy.es/index.html,bad
recover8544.esy.es/index.html,bad
safety-check-67894.esy.es/index.html,bad
1drv.ms/xs/s!AvfoNB0AXVhBqm2v9e3mLYZGm2Y8,bad
ow.ly/2G1V30bdj5z,bad
distrisopecas.com.br/contato/Adobepdf/,bad
muvolam.com//yahu/yahoo/login_verify2&amp,bad
unitedgpdev.com/fonts/paglg/personas/,bad
asyastil.com/cats/3/1/06/87zrazsazr4a9raz/,bad
web-appsantander.com/pessoajuridica/index.html,bad
fb-securityloginfo406txt.esy.es/recovery-chekpoint-login.html,bad
fb-securityloginfo407txt.esy.es/recovery-chekpoint-login.html,bad
www.paypal-customerfeedback.com/,bad
sign-app-privacy.hol.es/logins.php,bad
fedex.com-0289.systems/d4f9b7694dfe6fb2424e2702b25e4c8f/,bad
fedex.com-0289.systems/c020032173ca2ec8e69b523158bb67ee/,bad
fedex.com-0289.systems/track.php,bad
fedex.56690.services/rd01.htm,bad
pleasantonassembly.org/vendor_extra/pear/xs/,bad
cover-acct1029.esy.es/index.html,bad
suspended-fb.hol.es/logins.php,bad
freestyle.d934713.u-telcom.net/Boa_Fud_2016/home/login.php,bad
rooferexpert.com/css/8933617-dosar-nr-1817842015/394c-4735-8239-9c8f64a5248/botosani_firme/62d8fdbacfc03c476d4fb331d04bb3e8/,bad
demo.369usa.com/admin/mobile.free.fr/c5dd3c6e449f9a592032f9d54c987417/moncompte/confirmation.php,bad
dhalander.com.br/cadastro_cliente77/atendimento_pessoa_fisica/atualizar/index1.php,bad
classified38.ir/pedro/avast-verified-secured-shared-files-2017/document.php,bad
jnep.sumdu.edu.ua/images/fra/fraaa/fraaaaa/9b4465016edb09ae73e4c0b2f1da1d44/,bad
confifsk.sumdu.edu.ua/images/fra/fraaa/fraaaaa/index.php,bad
www.gem.tools/shell/dejiwire/fmsk/garyspeed/23f054ce024a3113f0301273182520ca/,bad
sunnsand.biz/pics/qgrpmkdbnfvcsxeropwkm/secureserver.caconexoes.com.br/home/login.php,bad
garrisoncontracting.ca/wp-content/gallery/doors/ele/,bad
hecmk.com/doc/es/,bad
unione-ae.com/gallery/Purchase/googledrive.php,bad
payasgo.org/exoduse/review/index.php,bad
kalempong-godang-2017.16mb.com/blocked/recovery_login.html,bad
unblocking-notice.co.nf/verify/index.htm,bad
fb-secure-notifications.hol.es/service/index.php,bad
radiocatolicalaconsentida.com/funciones/oba/DHLAUTO/DHLAUTO/DHL%20AUTO/dhl.php,bad
mobile-free.kofoed-fr.com/Compte/93843687342927348376/8325682376834768237648/09644/5d413/moncompte/index.php,bad
mashtaresort.com/mail.htm,bad
mobile-free.kofoed-fr.com/Compte/93843687342927348376/8325682376834768237648/92029/d8cd1/moncompte/index.php,bad
www.jomjb.com/adobeaa/JSK/Adobe/adobeaa/c508d1ed1a9423f3071c338285cc3792/,bad
faboleena.com/js/infortis/jquery/plugins/minicolors/Ameli/PortailAS/appmanager/PortailAS/assure_somtc=true/33bc67b63168dcc8f929990039d7cccb/index_2.html,bad
www.guzheng.com.my/libraries/joomla/session/storage/regional/2f8a3b8b8d138ec1436f68f5ef5c9288/Connexion.php,bad
www.ioam.org.cn/plugins/system/AtendimentoCliente-98.890.332_/654fa6we54f6a4u6d5fi4fgu65o4fgh354d1f3ga2sd4fa8sdf7a9sdf.html,bad
theparlourbeautyrooms.ie/dehl/Yah/T/Y1.html,bad
loogin-facebook-settinggst.esy.es/confirmations/,bad
halpcenter-acontscheck.esy.es/recovery-chekpoint-login.html,bad
www.liquidgeneration.com/,good
www.onlineanime.org/,good
www.ceres.dti.ne.jp/~nekoi/senno/senfirst.html,good
www.galeon.com/kmh/,good
www.fanworkrecs.com/,good
www.animehouse.com/,good
www2.117.ne.jp/~mb1996ax/enadc.html,good
archive.rhps.org/fritters/yui/index.html,good
www.freecartoonsex.com/,good
www.cutepet.org/,good
www.taremeparadise.com/,good
www.internetdump.com/users/pornographite/index1.html,good
darkkaminari.net,good
www.iei.net/~bkos1/velneko.htm,good
www9.kinghost.com/fetish/hentaibee/,good
www.jasonmeador.com/,good
www.geocities.com/kaseychan17/index.html,good
www.angelfire.com/journal/coldlemonade/index.html,good
e.webring.com/hub,good
www.nemurokinenkan.net,good
j-heaven.tripod.com/library.htm,good
www.angelfire.com/poetry/nicolesstories/,good
thesheeparecoming.tripod.com/papercrane/,good
www.geocities.com/eddie_monsoon2002/,good
www.shokushu.com/,good
www.geocities.com/timessquare/arcade/7810/p_hgames.htm,good
www.hentaisocialclub.com/ganguro/index.html,good
ryogamasaki.netfirms.com/,good
members.tripod.com/~chaz16/3.html,good
www.hentai-comics.com/,good
www.jastusa.com/,good
www.peachprincess.com/,good
www.g-collections.com,good
www.hentai-games.com/,good
www.canadahentai.com,good
www.hirameki-int.com,good
www.himeyashop.com/,good
www.jlist.com/,good
www.clubspooey.com/spooey/,good
www.hentaigamer.com,good
www.pcrdist.com,good
www.densetsu.com/,good
www.animetric.com/bgames.html,good
www.jmate.com/home.html,good
www.three-musketeers.net/mike/animeopinions.html,good
engbishoujo.tripod.com,good
www.somethingawful.com/hentai/,good
www.geocities.com/aetus_kane/reviews.html,good
www.hentaigameszone.com,good
www.hentaineko.com/html_peekv/peek_vgames.shtml,good
www.asahi-net.or.jp/~uz9y-ab/yaoicomic.htm,good
www.geocities.com/tokyo/villa/9953/yaoimain.html,good
www.commonastherain.com/eros.html,good
www.angelfire.com/anime3/hoshinokaze/,good
www.discarnate.com/boysnextdoor/,good
www.geocities.com/spirestudio/index.htm,good
www.angelfire.com/me3/mandaplay/index.html,good
www.geocities.com/tokyo/courtyard/9155/carosmen.htm,good
members.tripod.com/~cheekokr/enter.html,good
www.aoihayashi.com/,good
www.geocities.com/shinji_is_my_man/,good
www.cruelangel.net/divinitas/,good
death_of_ase.tripod.com/dt/twisteddesire.html,good
www.orchidveil.net/trapdoor/,good
www.geocities.com/roryheadmav/main.html,good
www.angelfire.com/anime4/wildefyre/,good
www.yaoiluvr.net,good
www.angelfire.com/goth2/azrael/,good
m.webring.com/hub,good
onami.free.fr/,good
www.geocities.com/obsidianblaze/,good
p080.ezboard.com/badragonballyaoirpg,good
www.pureyaoi.org/,good
www.gaytoon-japan.com,good
www.clubclassic.net/yaoi.html,good
www.geocities.com/apple_toh/index.html,good
www.gongaga.com/,good
www.angelfire.com/goth/doujinshi_rapture/,good
geocities.com/plugplaymanga/,good
www.kinu-sekigushi.com/,good
www.geocities.com/can_it_be_sin/index_2.html,good
community.livejournal.com/jrockyaoi/,good
arachnoid.reverie-noire.com/,good
totchi.tripod.com/,good
home.arcor.de/jrock-yaoi/index2.htm,good
www.dtwins.co.uk/jfic/efiction30/index.php,good
members.tripod.com/starchan/,good
www.geocities.com/hushie_hush/,good
www.cursedmoons.com/,good
www.worldshaking.net/,good
www.shoujoai.com/,good
www.angelfire.com/anime2/yurifics/index.html,good
groups.yahoo.com/group/lilypetalsandfallendewdrops/,good
www.privateholes.com/anime/anime-sex/index6.html,good
www.privateholes.com/anime/anime-asia/index6.html,good
www.anime-hentai-cartoons.com/,good
idd00788.eresmas.net/,good
www.applicot.com/,good
adultcompass.com/avs/0/1/acw/index.html,good
www.adult-anime-hentai.com/,good
www.emuck.com:3000/archive/egan.html,good
danoday.com/summit.shtml,good
groups.yahoo.com/group/voice_actor_appreciation/links/events_and_appearanc_000985383761/,good
voice-international.com/,good
www.livinglegendsltd.com/,good
voicechasers.com/forum/viewforum.php,good
hollywoodcollectorshow.com/,good
www.geocities.com/hollywood/hills/8944/,good
asifa.proboards61.com/index.cgi,good
groups.yahoo.com/group/voice_actor_appreciation/cal///group/voice_actor_appreciation/,good
us.imdb.com/name/nm0267724/,good
www.pamelynferdin.com/,good
www.pamferdin.com/,good
www.monkeydog.com/,good
teamknightrider.com/cast/plato/plato.html,good
us.imdb.com/name/nm0281486/,good
anp.awn.com/anifest-3.html,good
www.awn.com/mag/issue1.7/articles/kowlaskidi1.7.html,good
www.awn.com/mag/issue2.7/2.7pages/2.7jacksonjones.html,good
www.awn.com/mag/issue1.9/articles/kowlagrinch1.9.html,good
us.imdb.com/name/nm0004931/,good
www.voicechasers.com/database/showactor.php,good
www.vortex.com/av.html,good
starbulletin.com/96/07/11/features/story3.html,good
anp.awn.com/juneforay.html,good
www.cerias.purdue.edu/homes/spaf/yucks/v2/msg00061.html,good
www.awn.com/mag/issue5.03/5.03pages/evanierforay.php3,good
www.awn.com/mag/issue4.02/4.02pages/foraylittlejohn.php3,good
archives.seattletimes.nwsource.com/cgi-bin/texis.cgi/web/vortex/display,good
www.geocities.com/enchantedforest/dell/8545/fraley.html,good
us.imdb.com/name/nm0289710/,good
www.voicechasers.com/database/showactor.php,good
patfraley.com/,good
nerf-herders-anonymous.net/patfraley.html,good
www.vasta.org/professional_index/fraleyp.html,good
news.toonzone.net/2000/oct/27/hearing_voices.php,good
members.tripod.com/~leemichaelwithers/sfh.htm,good
www.radiospirits.com/onradio/meethost_sf.asp,good
us.imdb.com/name/nm0292677/,good
freberg.westnet.com/,good
www.aarp.org/mmaturity/mar_apr00_preview/creators.html,good
www.cosmik.com/aa-october99/stan_freberg.html,good
www.tsimon.com/freberg.htm,good
www.firezine.net/issue6/fz6_07.htm,good
www.thehutch.com/rabhutch/freberg.htm,good
www.povonline.com/cols/col051.htm,good
www.povonline.com/2001/news060901.htm,good
www.austinchronicle.com/issues/dispatch/1999-12-10/music_feature3.html,good
www.dawsbutler.com/freberg.htm,good
freberg.westnet.com/list.html,good
www.rhino.com/features/75645p.html,good
hitcomedy.com/index.html,good
www.cyberonic.net/~atrain/comedy/freberg.htm,good
www.povonline.com/cols/col102.htm,good
freberg.westnet.com/hear_it.html,good
www.epinions.com/musc-album-musc-freberg__stan/tk_~mm032.1.2,good
citypaper.net/articles/091699/mus.stan.shtml,good
www.crispinfreeman.com/,good
www.reelradio.com/gifts/frees.html,good
www.spookytoms.com/paul_frees_tribute.html,good
www.hollowhill.com/gm/library/frees.htm,good
www.dvdtalk.com/dvdsavant/s74frees.html,good
us.imdb.com/name/nm0293659/,good
www.voicechasers.com/database/showactor.php,good
bakerstreetdozen.com/frewernews.html,good
us.imdb.com/name/nm0001242/,good
www.geocities.com/enchantedforest/dell/8545/va.html,good
www.angelfire.com/ut/rtoons/actors.html,good
www.geocities.com/hollywood/lot/2636/voiceacting/,good
www.geocities.com/philbass_2000/narrators.html,good
doreen.mkbmemorial.com/,good
www.geocities.com/televisioncity/taping/6785/index.html,good
www.behindthevoiceactors.com,good
www.keyframeonline.com/kf.php,good
www.voicechasers.com/,good
us.imdb.com/name/nm0304000/,good
www.taoslandandfilm.com/bradentnwkly.html,good
us.imdb.com/name/nm0004951/,good
kathygarver.com/,good
us.imdb.com/name/nm0308744/,good
www.dickgautier.com/,good
www.dangilvezan.com/,good
us.imdb.com/name/nm0319737/,good
us.imdb.com/name/nm0330015/,good
www.tv-now.com/stars/gotfried.html,good
www.cdaccess.com/html/pc/midmovie.htm,good
genetic_mishap.tripod.com/landofthreenamedpeople/,good
www.angelfire.com/celeb/starzbios/gottfried_g.html,good
us.imdb.com/name/nm0331906/,good
www-tech.mit.edu/v110/n37/gilber.37a.html,good
www-tech.mit.edu/v110/n38/lsc.38a.html,good
www.octopusmediaink.com/gilbertgottfried.html,good
citypaper.net/articles/022996/article001.shtml,good
jam.canoe.ca/movies/artists/g/gottfried_gilbert/1997/02/21/758674.html,good
www.voicechasers.com/database/showactor.php,good
www.kylehebert.com/,good
www.post-gazette.com/magazine/19990223voicetalent1.asp,good
www.serkworks.com/roommates/index.htm,good
www.armory.com/~keeper/jesshirt.html,good
www.voicechasers.com/database/showactor.php,good
docharris.com/,good
www.lushmedia.co.uk/,good
www.dav-productions.com/,good
www.ccvideo.net/,good
www.blueyed.com/,good
www.koalatv.com/,good
www.goaggressive.com/,good
www.emblemma.com/,good
www.killingtimeproductions.com/,good
www.rollingrproductions.com/,good
www.boutwellstudios.com,good
www.blindruckus.com,good
www.roadrecords.com/clientlist.html,good
www.coupestudios.com,good
www.kellogg-rice.com,good
www.sarley.com,good
www.deadlyproductions.com,good
www.rickaudio.com,good
www.fmsystems.net,good
www.gamebeatinc.com/,good
members.tripod.com/kcepap/,good
www.loftinpro.com,good
www.noisefloor.com,good
www.wavegroup.com,good
www.audiolinks.com/,good
business.fortunecity.com/tisch/809/gold.htm,good
www.harkproductions.com/audio.html,good
www.loree-nelson.com,good
www.thilldesign.com,good
www.cgdesign.com,good
www.moonaluna.net,good
www.rjbstudio.com,good
www.folioinc.com,good
www.colorpagesinc.com,good
www.svengoody.com,good
www.doclivingston.com,good
www.broadsideinteractive.com/,good
www.celticharper.com/wolfhawk.html,good
www.copelandesign.com,good
www.gilmourcreative.com,good
www.twentyfirst.co.uk,good
www.blacktide.com,good
www.magusgraphics.com,good
www.geocities.com/svendesign/,good
www.graphicsillustrated.com,good
sullivancreative.com,good
www.thincgrafx.com/,good
www.rappyco.com,good
www.vcpresentations.com/,good
www.philipperaimbault.com,good
www.jandjgraphics.com,good
www.transmediaproject.com/,good
www.informationexperts.com/,good
www.pluribusmedia.com/,good
www.adaptivedesign.com,good
www.logodesignonline.com,good
www.pentagonstudios.com,good
www.cre8tivproductions.com,good
www.stevensonsharpe.co.uk,good
millercreative.com,good
www.e-nimation.com/,good
www.springdesigngroup.com,good
www.newsdesign.com.hk,good
www.ronelmm.com,good
www.themakers.com,good
www.mochamedia.com,good
www.maksimedia.com,good
www.lughstudio.com,good
www.osprey.com,good
www.somme.no/,good
www.impactgroup.com,good
paulmaple.co.uk/media/,good
www.pennvid.com,good
www.cell-media.com/,good
www.concisegroup.com/,good
www.picturevideo.com,good
www.accelvideo.com,good
www.altana.com.ar,good
www.allvid.com/,good
www.babadigital.com,good
www.mcdougalldigital.com,good
www.imacron.com/,good
www.reelized.com/,good
www.vandongenav.nl,good
www.rubiconproductions.com,good
www.visionsoundcomm.com,good
www.avrs.net/,good
www.vldigital.com,good
www.videomagicpro.net/,good
www.swerdlow.co.uk/,good
www.sierrabreeze.com,good
www.jnproductions.com/,good
www.scribblemedia.com,good
www.stormshooters.com,good
www.bigshoulders.com,good
www.1digital.com,good
www.manningproductions.com,good
www.videocopies.com,good
www.cardinal-broadcast.com,good
www.dvfilm.com,good
www.parrottastudio.com,good
www.pearlmanaudiovideo.com,good
www.pagerankers.com,good
www.purevisibility.com,good
www.pepperjam.com/,good
www.platinumservices.com,good
powerspiritonline.com,good
www.project36.com,good
www.pageviews.com/,good
www.podiums.co.uk/,good
www.portlandwebvisibility.com,good
www.pagearnold.co.uk/,good
www.quadrapromotions.com/,good
www.qxest.net/,good
www.quisma.de/,good
www.quirk.biz/,good
www.top-website-promotion.co.uk/,good
www.redcarpetweb.com/,good
www.rocketlist.com/,good
www.registersuccess.com/,good
www.raise-your-sites.co.uk/,good
www.reinventbusiness.com/,good
www.rainstormconsulting.com/,good
www.resortwebmarketing.com/,good
www.rbimedia.com/,good
www.receptional.com/,good
www.rankhigh.net/,good
www.redzoneglobal.net/,good
www.raisemyrank.com/,good
www.registereverywhere.com/,good
www.rankingman.com/,good
www.rankforsales.com/,good
www.econnects.net/,good
www.rankmagic.com/,good
www.relevanttraffic.com/,good
www.ranks.nl/consultancy/,good
www.ranbury.com/,good
www.rugles.com/,good
www.redlineseo.com/,good
www.refreshweb.com/,good
www.rstwebsolutions.com/,good
www.reidtechnologies.ca/,good
www.rtproservices.com/,good
www.room214.com/,good
www.seo-websitepromotion.com/,good
www.rankuno.com/,good
www.roadmap-placement.com/,good
www.rimmkaufman.com/,good
www.rossjackson.co.uk/,good
www.raspberrymarketing.com/,good
www.resolutionmedia.com,good
www.ranksubmit.com/,good
www.rankhigh.biz/,good
www.top-search-engine-ranking.co.uk/,good
www.rapidblue.co.uk/,good
www.ringjohn.com/,good
riseinteractive.com/,good
www.relaxseo.com,good
www.redchillimarketing.co.uk,good
www.reseo.com,good
www.internetcampaignmanagement.com,good
www.rootconcepts.com,good
www.redchillisearch.com,good
www.rankfirst.com.au,good
www.realonlinemarketing.com,good
www.revteq.com,good
www.group41.com/,good
www.sagerock.com/,good
www.seotechnologies.com,good
www.submit-url.net/,good
www.searchengineer.co.uk/,good
www.submission-pro.com/,good
www.searchenginedesign.com/,good
www.submit-pro.com/,good
www.sixtop.co.uk/,good
www.spiderbait.com/,good
www.searchintelligence.ca/,good
www.singlethrow.com/,good
www.sitelynx.com/,good
www.searchengineserious.co.uk/,good
www.submitnet.net/,good
www.searchsummit.com/,good
www.searchenginewiz.com/,good
www.slickwebz.com/,good
www.searchenginetechnologies.com/,good
www.seoanalysis.com/,good
www.stepforth.com,good
www.searchenginepatrol.com/,good
www.searchanalysts.com/,good
www.sitesolutions.com/,good
www.stickyeyes.com/,good
www.skipechert.com/,good
www.sitepropel.com/,good
www.searchenginepeople.com/,good
www.submit-away.com/,good
www.submitawebsite.com/,good
www.superwebsitepromotion.com/,good
www.successpromotions.com/,good
www.siteblaster.co.uk/,good
www.searchinnovation.com/,good
www.submittoday.com/,good
www.searchmar.com/,good
www.seoinc.com/,good
www.foryoursoft.com/hypercalendar/,good
www.mdesoft.com/home_eng.htm,good
contactplus.com/products/freestuff/task.htm,good
www.cotton100.com/,good
www.inklineglobal.org/products/vdp/,good
www.sharewaresolutions.com/html/calendar.html,good
www.amfsoftware.com/windows/amfpim.html,good
www.idealcs.com/calendar/,good
www.zabaware.com/assistant/index.html,good
compunac.homestead.com/index.html,good
www.calendarmine.com/,good
www.hammersoftware.com/calendar.html,good
www.calendarscope.com/,good
www.zb2000.com/acecalendar.htm,good
www.daansystems.com/daancalendar/,good
hotshift.tripod.com/,good
www.twesley.com/~shiftcal/,good
www.naturcalendar.com/,good
www.calnique.com/,good
www.wallpaper-calendar.com/,good
www.vaxtech.com/birthday-reminder.htm,good
www.srosoftware.com/sro_bc.htm,good
www.cm-soft.net/index1.html,good
www.ecrew.org/,good
www.softshape.com/cham/,good
www.dummysoftware.com/clockdummy.html,good
www.cheqsoft.com/timesown.html,good
www.uk-software.com/speakingclock.htm,good
www.dillobits.com/,good
www.altrixsoft.com,good
ourworld.compuserve.com/homepages/anithmi/cyclocke.htm,good
www.atomtime.com/,good
www.mtnsys.com/pages/atomicclock.htm,good
www.paraben.com/html/clock2.html,good
www.kaska.demon.co.uk/,good
www.nestersoft.com/timeleft/,good
www.chemware.co.nz/tic.htm,good
www.blueprintsoftwareworks.com/atomsync/,good
www.hoursandminutes.com/,good
www.hiclock.com/,good
www.springcreeksoftware.com/,good
timerecorder.51.net/,good
www.rayslab.com/atomic_clock/atomic_clock.html,good
www.info-pack.com/datetray/,good
www.lux-aeterna.com/clock/,good
www.enins.com/timesled/,good
www.acutesoftware.com.au/timer.html,good
www.timeutilites.com/,good
www.nehuenmultimedia.com.ar/html/atomic_clock.html,good
www.softdemon.com/clock/,good
www.timezonesforpcs.com/,good
www.xnotestopwatch.com/,good
visualversion.com/timebuddy/index.html,good
www.rpoint.com/pp/alarm-pro.aspx,good
www.lmhsoft.com/timesync/,good
www.vioio.com/mp3alarmclock.htm,good
littlemulticlock.com/littlemulticlock/files/littlemulticlock.html,good
www.shelltoys.com/speaking_clock/,good
www.basta.com/prodhoras.htm,good
www.elprime.com/,good
www.atsync.com/,good
www.12noon.com/,good
www.talkingtimekeeper.com/,good
www.thecountdownclock.com/,good
www.softros-tools.com/,good
www.saythetime.com/,good
www.utech.net.au/index.php,good
www.loginor.qc.ca/index_e.html,good
www.azzcardfile.com/,good
www.mxac.com.au/dragonfly.htm,good
www.tgslabs.com/,good
www.gammadyne.com/sb.htm,good
www.encodeteam.com/,good
www.msdsoft.com/agenda/eng/index.htm,good
www.inklineglobal.org/,good
www.neverforget.com/,good
www.cyber-matrix.com/prosched.html,good
www.1soft.com/aandb.html,good
www.ezoutliner.com/,good
www.xreminder.com/,good
www.inklineglobal.com/products/vdp/,good
www.wjjsoft.com/,good
www.personalmicrocosms.com/html/32bit.html,good
www.pollensoftware.com/task-o-matic/,good
www.angelfire.com/ia/anniversary/,good
www.bitsmithsoft.com/,good
www.mynotescenter.com/,good
www.csoftlab.com/,good
www.cancellieri.org/pmo_index.htm,good
softnote.com/,good
www.denverresearch.com/pim/home.shtml,good
www.jsoftconsulting.com/,good
www.cancellieri.org/,good
www.winpim.com/,good
www.lexasoftware.com,good
www.cancellieri.org/apim_index.htm,good
www.freedomsoftware.net/,good
www.joels-journal.com/,good
www.pimone.com/,good
www.angelicsoftware.com/,good
www.freedomsoftware.net/notebook.html,good
www.geocities.com/angelicangelsnf/,good
www.arenel.com,good
home.insightbb.com/~bastshaman/index.html,good
www.becks-cats.com,good
www.bedoroses.com/,good
www.angelfire.com/ms/brikalacy/,good
castleglen.homestead.com/intro.html,good
catnipkids.homestead.com/cattery.html,good
www.cayugafarm.com,good
www.geocities.com/demiaracats/cattery.html,good
www.geocities.com/himalayancats2000/index.html,good
everdreamhimalayan.tripod.com/,good
www.fancyfriends.com/,good
www.fancyfluff.i8.com,good
www.geocities.com/fluffydreamscatteryca/index.html,good
www.furpleasure.com/,good
godzanointed4him.homestead.com/,good
www.geocities.com/himicats/,good
www.itikat.com/,good
www.kattenbach.com,good
www.kutzikoo.com,good
www.geocities.com/labonita_persians/,good
www.leclubfur.com/,good
www.geocities.com/luvhavencats/,good
sulebrity.homestead.com/,good
www.geocities.com/sunnylakes/,good
www.tanglebox.net,good
home19.inet.tele.dk/teahs/,good
www.tinyjewels.homestead.com/index.html,good
www.tntpuff.com,good
www.whisperwoodcats.com/,good
www.yewcats.com/,good
www.geocities.com/milhorn2002/index.html,good
www.pawsandpurrscattery.com/,good
www.fancyfurs.net,good
www.naru.20m.com,good
home.earthlink.net/~sandypaws/,good
playwickeycats.com/index.shtml,good
www.ristokat.com/,good
www.catteryrow.com/pacificpurr/index.html,good
www.geocities.com/paisleypaws/,good
radzacatz.homestead.com/,good
www.members.tripod.com/izshe/,good
www.pawtrixcove.com,good
www.sunstreamcats.com/,good
www.ceylon.ws,good
www.himmikatz.com/,good
www.geocities.com/fuzzy_britches1/fuzzybritches.html,good
www.kasiakatz.com,good
katzcaprice.com,good
www.ma-liakatz.com/,good
www.blackriverhimalayans.20m.com,good
www.ieasysite.com/sunshinezzz,good
www.catleycrue.com,good
www.pointedpurrs.com/,good
www.nymews.com,good
www.geocities.com/kitties2luv/,good
www.geocities.com/angelpawscattery2003/index.html,good
www.geocities.com/sunnybrookkittens/,good
www.shadenshadow.com,good
www.furrmine.com,good
www.silkenrosepersians.com,good
www.kaydekatz.com,good
www.geocities.com/heavenlymews/,good
jentopiacats.com,good
www.purrs-of-luvcattery.com,good
www.purfectkittypersians.com/,good
www.geocities.com/maxnkoko/index.html,good
www.grovewoodcats.com/,good
www.lechatpaws.com/,good
kisancats.com/,good
www.lakehyco.com/,good
webpages.charter.net/sassipurrs/,good
www.co-bridge.com,good
www.calebcats.com,good
rumscott.homestead.com/,good
www.wonderfluf.com,good
sunshinezzz.ieasysite.com/,good
www.ozemail.com.au/~ebunny,good
planeta.terra.com.br/lazer/gatilmiragem,good
www.blazestar.com.br/,good
www.himalayan.org/,good
www.geocities.com/area51/dreamworld/9882/index.html,good
www.cfainc.org/breeds/profiles/persian-him.html,good
www.aaceinc.org/pages/breeds/him.htm,good
p.webring.com/hub,good
www.cfainc.org/breeds/profiles/japanese.html,good
www.breedlist.com/japanese-bobtail-breeders.html,good
www.japanesebobtails.com/,good
www.cfainc.org/breeds/profiles/articles/japanese.html,good
www.fanciers.com/breed-faqs/japanese-bobtail-faq.html,good
www.catchicats.com/,good
www.kiddlyn.com/,good
www.angelfire.com/il3/jakoi/,good
www.sailbourne.com/,good
www.janipurr.com/,good
www.geocities.com/kurisumasu_jbt/,good
members.shaw.ca/jbobtails/index.htm,good
www.solstans.co.uk/,good
www.goutokuji.com/,good
www.samizcats.com,good
www.uvm.edu/~video/,good
learn.uvm.edu/focus/,good
www.uvm.edu/~gradcoll/,good
www.uvm.edu/academics/,good
www.uvm.edu/~histpres,good
www.uvm.edu/~biomed/,good
www.uvm.edu/~cnhs/,good
www.bsad.uvm.edu/,good
www.uvm.edu/~envprog/,good
www.uvm.edu/snr/,good
www.uvm.edu/snr/,good
www.uvm.edu/snr/,good
www.uvm.edu/snr/,good
www.uvm.edu/snr/,good
www.uvm.edu/snr/,good
www.uvm.edu/snr/,good
www.uvm.edu/~dceweb/lane/,good
www.uvm.edu/~sacon/,good
www.uvm.edu/~ncow/,good
www.uvm.edu/events/,good
www.uvm.edu/~uvmcts/,good
www.uvm.edu/~fleming/index.php,good
www.uvm.edu/~jdavison/,good
www.uvm.edu/~sjc/,good
www.emba.uvm.edu/~archdeac/,good
www.uvm.edu/~jleonard/,good
www.emba.uvm.edu/~read/,good
www.uvm.edu/~rullrich/first.html,good
www.emba.uvm.edu/~mirchand/,good
mansfield.emba.uvm.edu/~douglas/,good
www.emba.uvm.edu/~rcrouse/,good
www.uvm.edu/~dbarring/home.html,good
www.emba.uvm.edu/~dinitz/,good
www.emba.uvm.edu/~dben/,good
www.emba.uvm.edu/~burgmeie/,good
www.emba.uvm.edu/~cooke/,good
www.emba.uvm.edu/~puterbau/,good
www.emba.uvm.edu/~wilson/,good
www.uvm.edu/~dguber/,good
www.emba.uvm.edu/~snapp/,good
www.uvm.edu/~hag/personal/,good
www.uvm.edu/~lizzo/,good
www.uvm.edu/~der/,good
www.uvm.edu/~jdion/,good
www.uvm.edu/~dmatthew/,good
www.uvm.edu/academics/catalogue2006-07/,good
optimization.asu.edu/~xue/,good
universitycommunications.uvm.edu/spring2001/webreleaseonunionpetitionresponse.htm,good
www.unitedacademics.org/,good
voyager.uvm.edu/,good
www.uvm.edu/whale/,good
www.uvm.edu/~fleming/,good
library.uvm.edu/,good
library.uvm.edu/dana/,good
www.uvm.edu/perkins/,good
www.uvm.edu/~pmrc/pmrccam.html,good
universitycommunications.uvm.edu/tour/,good
www.uvm.edu/~pmrc/sugarcam.html,good
www.uvm.edu/map/,good
www.uvm.edu/about_uvm/visiting/,good
www.uvm.edu/uvmtoday/,good
universitycommunications.uvm.edu/vq/index.html,good
universitycommunications.uvm.edu/,good
www.vermontcynic.com/,good
www.uvm.edu/~vtconn/,good
www.uvm.edu/~uvmemu/,good
www.uvm.edu/~uvmtv/,good
www.uvm.edu/~wruv/,good
www.uvm.edu/~aaeo/,good
giraffe.uvm.edu/~rgweb/,good
reslife.uvm.edu/,good
www.uvm.edu/~energy/,good
www.uvm.edu/~uvmppd/,good
www.uvm.edu/~cntrllrs/,good
www.uvm.edu/~ofabweb/,good
www.uvm.edu/~ugpdept/,good
www.uvm.edu/~photo/,good
www.uvm.edu/~catcard/,good
www.uvm.edu/~plan/,good
www.uvm.edu/~afsdept/,good
www.uvm.edu/~uvmhr/,good
www.uvm.edu/~training/,good
www.uvm.edu/~sisi/,good
www.uvm.edu/~purcard/,good
www.uvm.edu/~arch/,good
www.uvm.edu/~uvmppd/,good
www.uvm.edu/~ospuvm/,good
www.uvm.edu/~oacm/,good
www.uvm.edu/studentlife/,good
www.uvm.edu/~clascomp/,good
www.uvm.edu/~dos/assist/,good
www.uvm.edu/~juggle/,good
www.uvm.edu/~uvmopt/,good
debate.uvm.edu/,good
www.uvm.edu/~service/,good
www.uvm.edu/~catfs/,good
www.uvm.edu/~alco/,good
www.uvm.edu/sparc/,good
www.uvm.edu/~uvmwoc/,good
www.uvm.edu/~outside/,good
www.uvm.edu/~topcats/,good
www.uvm.edu/~legal,good
www.uvm.edu/~rescue/,good
www.uvm.edu/~hearts/,good
www.uvm.edu/~boulder/,good
www.uvm.edu/~skiclub/,good
www.uvm.edu/greening/,good
www.uvm.edu/~uvmsga/,good
www.uvm.edu/~rlweb/ira/,good
www.emba.uvm.edu/~asem,good
www.emba.uvm.edu/~asce/,good
www.emba.uvm.edu/~asme/,good
www.emba.uvm.edu/~cssa/,good
www.uvm.edu/~geogclub/,good
www.uvm.edu/~goodrich/,good
pss.uvm.edu/hortclub/,good
www.uvm.edu/~phibeta/,good
universitycommunications.uvm.edu/fall99releases/webclimbthewalls.htm,good
www.uvmgreeklife.com/,good
www.agrinvt.org/,good
www.uvm.edu/~fiji2,good
www.uvm.edu/~sigep/,good
www.uvm.edu/~aphio/,good
www.uvm.edu/~sigmaphi/home.htm,good
www.uvm.edu/~uvmaz/,good
uvm.phideltatheta.org/,good
www.uvm.edu/~tridelt/,good
www.uvm.edu/~uvmivcf/,good
www.uvmhillel.org/,good
www.uvm.edu/~ohpr/,good
www.uvm.edu/~helix/,good
www.uvm.edu/~vlrs/,good
pss.uvm.edu/dept/hort_farm/,good
www.uvm.edu/~crvt/,good
crs.uvm.edu/,good
www.uvm.edu/~susagctr/,good
www.uvm.edu/~uvmsbf/,good
www.uvm.edu/~dmatthew/,good
orchard.uvm.edu/,good
blood.uvm.edu/,good
www.uvm.edu/~uvmchs/,good
www.uvm.edu/~vtreads/uvmhome.html,good
www.snellingcenter.org/,good
www.uvm.edu/~epscor/,good
www.uvm.edu/~plantbio/,good
www.uvm.edu/vtaes/,good
www.uvm.edu/~cdci/,good
cwf.uvm.edu/cris/,good
www.uvminnovations.com/,good
www.rcgrd.uvm.edu/,good
www.dad.state.vt.us/atp/resource%20links/communication.htm,good
www.uvm.edu/envnr/vtcfwru/,good
www.uvm.edu/~envnr/sal/,good
www.uvm.edu/~compor/,good
www.uvm.edu/~pmrc/,good
vtspacegrant.org/,good
www.uvm.edu/uvmtoday/community.html,good
www.uvm.edu/~dpelkey/,good
agave.garden.org/~aaronh/,good
www.uvm.edu/~learnco/,good
www.uvm.edu/~police/,good
www.uvm.edu/~spirit/,good
www.uvm.edu/~counscen/,good
www.uvm.edu/~oies/,good
www.uvm.edu/~women/,good
www.uvm.edu/~ccpuvm/,good
www.uvm.edu/~lgbtqa/,good
ctl.uvm.edu/,good
www.uvm.edu/health/,good
www.uvm.edu/~tpswww/,good
uds.uvm.edu/,good
www.uvm.edu/~access/,good
www.uvm.edu/~uvmiac/,good
www.uvm.edu/~career,good
siri.uvm.edu/,good
esf.uvm.edu/,good
www.uvm.edu/~wrtngctr/,good
www.vermontlaw.edu/,good
www.vjel.org,good
www.woodbury-college.edu/,good
www.gwvirginia.gwu.edu/,good
www.cdu.edu/,good
www.umtweb.edu/,good
www.virginia529.com/,good
www.uacp.org,good
www.cordobauniversity.org/,good
www.artinstitutes.edu/arlington/,good
www.apprenticeschool.com,good
www.gobuilders.com/,good
www.abbc.edu/,good
www.averett.edu/,good
www.averettcougars.com/,good
www.bluefield.edu/,good
www.bluefield.edu/templates/system/details.asp,good
www.bridgewater.edu/,good
www.bridgewater.edu/athletics,good
christ-college.com/,good
www.christendom.edu,good
www.christendom.edu/athletics/,good
www.cnu.edu/,good
www.cnubooks.com/,good
eebweb.arizona.edu/faculty/hopp/vireo.html,good
www.utahbirds.org/birdsofutah/birdsl-r/plumbeousvireo.htm,good
www.greglasley.net/gvireo.html,good
birds.cornell.edu/bfl/speciesaccts/casvir.html,good
www.mbr-pwrc.usgs.gov/id/framlst/i6230id.html,good
www.wbu.com/chipperwoods/photos/revireo.htm,good
www.stanfordalumni.org/birdsite/text/species/hutton's_vireo.html,good
www.mbr-pwrc.usgs.gov/id/framlst/i6290id.html,good
faculty.ncwc.edu/mbrooks/pif/bird%20profiles/whiteeyed_vireo.htm,good
www.arthurgrosset.com/sabirds/rufous-browed%20peppershrike.html,good
www.arthurgrosset.com/sabirds/slaty-cappedshrike-vireo.html,good
audubon2.org/webapp/watchlist/viewspecies.jsp,good
www.mbr-pwrc.usgs.gov/id/framlst/i6330id.html,good
www.amonline.net.au/factsheets/silvereye.htm,good
www.kenyabirds.org.uk/nhs_w_eye.htm,good
www.birdlife.org/datazone/species/index.html,good
www.nzbirds.com/birds/tauhou.html,good
en.wikipedia.org/wiki/estrildid_finch,good
en.wikipedia.org/wiki/swee_waxbill,good
astorwilliam.tripod.com/,good
en.wikipedia.org/wiki/muscicapidae,good
www.naturia.per.sg/buloh/birds/copsychus_saularis.htm,good
www.birdguides.com/species/species.asp,good
www.birdguides.com/species/species.asp,good
www.birdguides.com/species/species.asp,good
www.birdguides.com/species/species.asp,good
ibc.hbw.com/ibc/phtml/familia.phtml,good
en.wikipedia.org/wiki/pycnonotidae,good
www.naturia.per.sg/buloh/birds/pycnonotus_goiavier.htm,good
www.birdlife.org/datazone/species/index.html,good
www.birdlife.org/datazone/species/index.html,good
www.birdlife.org/datazone/species/index.html,good
en.wikipedia.org/wiki/cisticolidae,good
www.naturia.per.sg/buloh/birds/prinia_flaviventris.htm,good
en.wikipedia.org/wiki/nectarinidae,good
www.naturia.per.sg/buloh/birds/nectarina_calcosthetha.htm,good
www.naturia.per.sg/buloh/birds/nectarina_jugularis.htm,good
home1.gte.net/dgl1/pelican.html,good
raysweb.net/specialplaces/pages/pelican.html,good
animaldiversity.ummz.umich.edu/site/accounts/information/pelecanus_erythrorhynchos.html,good
animaldiversity.ummz.umich.edu/site/accounts/information/pelecanus_occidentalis.html,good
www.kenyabirds.org.uk/gw_pelican.htm,good
www.kenyabirds.org.uk/pb_pelican.htm,good
migratorybirds.fws.gov/issues/cormorant/greatlakes_q&amp,good
web.tiscali.it/sv2001/,good
nzbirds.com/birds/kawau.html,good
www.coldwaterimages.com/brandt_s_cormorant.html,good
www.kenyabirds.org.uk/great_cormorant.htm,good
www.kenyabirds.org.uk/cormorant-lt.htm,good
animaldiversity.ummz.umich.edu/site/accounts/information/sula_nebouxii.html,good
bioweb.uwlax.edu/bio203/s2008/kops_aman/,good
www.fws.gov/midway/mabo.html,good
en.wikipedia.org/wiki/sula_(bird),good
www.fws.gov/midway/brbo.html,good
www.fws.gov/midway/rfbo.html,good
www.nzbirds.com/birds/takapu.html,good
en.wikipedia.org/wiki/darter,good
www.kenyabirds.org.uk/darter.htm,good
ibc.hbw.com/ibc/phtml/familia.phtml,good
www.thebigzoo.com/animals/lesser_flamingo.asp,good
www.geocities.com/flamingo22701/flamingo_mania,good
www.geocities.com/petsburgh/1975/flamingo.html,good
animaldiversity.ummz.umich.edu/site/accounts/information/phoenicopterus_ruber.html,good
www.mbr-pwrc.usgs.gov/id/framlst/i1820id.html,good
animals.about.com/od/birds/p/greaterflamingo.htm,good
www.stanford.edu/group/stanfordbirds/text/essays/flamingo_feeding.html,good
bioweb.uwlax.edu/bio203/s2007/greaney_megh,good
www.kenyabirds.org.uk/flamingo_g.htm,good
www.kenyabirds.org.uk/flamingo_l.htm,good
www.bbc.co.uk/nature/wildfacts/factfiles/3104.shtml,good
www.montereybay.com/creagrus/woodpeckers.html,good
montereybay.com/creagrus/barbets.html,good
montereybay.com/creagrus/asian_barbets.html,good
montereybay.com/creagrus/african_barbets.html,good
animaldiversity.ummz.umich.edu/site/accounts/classification/piciformes.html,good
pelotes.jea.com/animalfact/birds/woodpeck.htm,good
www.kenyabirds.org.uk/barbet-wh.htm,good
www.kenyabirds.org.uk/ry_barbet.htm,good
www.honoluluzoo.org/red_and_yellow_barbet.htm,good
www.kenyabirds.org.uk/d_barbet.htm,good
www.kenyabirds.org.uk/tinker-rf.htm,good
www.kenyabirds.org.uk/nubian_wp.htm,good
www.juliezickefoose.com/articles/ivory_billed_wp.html,good
www.museum.lsu.edu/~remsen/ibw.html,good
www.rainforestconservation.org/data_sheets/birds/cc_woodpecker.html,good
animaldiversity.ummz.umich.edu/site/accounts/sounds/campephilus_guatemalensis.html,good
www.npr.org/templates/story/story.php,good
www.sciencemag.org/cgi/content/abstract/1114103,good
www.corante.com/loom/archives/2005/04/28/reports_of_my_extinction_are_greatly_exaggerated.php,good
www.nature.org/ivorybill/,good
www.ivorybill.org/,good
www.fws.gov/ivorybill/,good
www.ivorybills.blogspot.com/,good
www.ibwo.org/,good
www.ivory-bill-woodpecker.com/,good
www.birds.cornell.edu/ivory/,good
web2.uwindsor.ca/courses/biology/dmennill/ibwo/ibwoindex.php,good
www.avesphoto.com/website/na/species/flkgil-1.htm,good
www.nenature.com/northernflicker.htm,good
www.mbr-pwrc.usgs.gov/id/framlst/i4140id.html,good
www.mbr-pwrc.usgs.gov/id/framlst/i4050id.html,good
www.mangoverde.com/birdsound/spec/spec104-167.html,good
www.nenature.com/pileatedwoodpecker.htm,good
www.pileatedwoodpeckercentral.com/,good
birds.cornell.edu/bfl/speciesaccts/lewwoo.html,good
www.focusonnature.com/puertoricanwoodpecker.htm,good
www.landiss.com/woodpecker.htm,good
www.mbr-pwrc.usgs.gov/id/framlst/i4110id.html,good
www.birdphotography.com/species/giwo.html,good
www.birdsofoklahoma.net/gfwoodpecker.htm,good
www.arthurgrosset.com/sabirds/whitewoodpecker.html,good
www.nenature.com/redheadedwoodpecker.htm,good
www.nenature.com/redbelliedwoodpecker.htm,good
animaldiversity.ummz.umich.edu/site/accounts/information/melanerpes_formicivorus.html,good
www.birding.com/topbirds/572aw.asp,good
www.birds.cornell.edu/allaboutbirds/birdguide/red-bellied_woodpecker_dtl.html,good
www.birds.cornell.edu/allaboutbirds/birdguide/red-headed_woodpecker.html,good
www.squirrelhouse.com/enter/birds/index.html,good
rcwrecovery.fws.gov/,good
www.wbu.com/chipperwoods/photos/downy.htm,good
www.mbr-pwrc.usgs.gov/id/framlst/i3970id.html,good
www.mbr-pwrc.usgs.gov/id/framlst/i3960id.html,good
www.wbu.com/chipperwoods/photos/hwood.htm,good
www.mbr-pwrc.usgs.gov/id/framlst/i3980id.html,good
www.mbr-pwrc.usgs.gov/id/framlst/i4010id.html,good
www.birdnature.com/bb3tw.html,good
www.nenature.com/downywoodpecker.htm,good
www.nenature.com/hairywoodpecker.htm,good
birds.cornell.edu/bfl/speciesaccts/ariwoo.html,good
animaldiversity.ummz.umich.edu/site/accounts/information/picoides_scalaris.html,good
www.woodpeckersofeurope.info/,good
www.birds.cornell.edu/allaboutbirds/birdguide/nuttalls_woodpecker_dtl.html,good
biology.mhc.edu/ybsa/,good
imnh.isu.edu/digitalatlas/bio/birds/wdpkrs/rnsa/rnsa_mai.htm,good
www.stanfordalumni.org/birdsite/text/species/red-breasted_sapsucker.html,good
www.birdphotography.com/species/rbsa.html,good
www.mbr-pwrc.usgs.gov/id/framlst/i4021id.html,good
www.nenature.com/yellowbelliedsapsucker.htm,good
imnh.isu.edu/digitalatlas/bio/birds/wdpkrs/wisa/wisa_mai.htm,good
www.birds.cornell.edu/allaboutbirds/birdguide/yellow-bellied_sapsucker.html,good
bioweb.uwlax.edu/bio203/s2008/todd_ange/,good
www.kenyabirds.org.uk/barb-bt.htm,good
www.kenyabirds.org.uk/barb-sf.htm,good
www.kenyabirds.org.uk/barb-rf.htm,good
www.mbr-pwrc.usgs.gov/id/framlst/i0011id.html,good
www.dnr.state.wi.us/org/land/er/factsheets/birds/rdnkgr.htm,good
www.nenature.com/piedbilledgrebe.htm,good
www.npwrc.usgs.gov/resource/birds/forest/species/podinigr.htm,good
www.npwrc.usgs.gov/resource/birds/forest/species/podipodi.htm,good
www.neseabirds.com/sheargreat.htm,good
www.neseabirds.com/shearcory.htm,good
www.neseabirds.com/shearwatermanx.htm,good
www.neseabirds.com/shearwateraudubon.htm,good
www.avesphoto.com/website/na/species/shwlit-1.htm,good
www.austmus.gov.au/factsheets/wandering_albatross.htm,good
www.shearwaterjourneys.com/shyalbatross.html,good
www.neseabirds.com/stormpwsp.htm,good
www.neseabirds.com/stormpetrelwf.htm,good
www.seabirding.com/bpiimage.htm,good
www.oceanwanderers.com/bermudapet.html,good
www.borealforest.org/world/birds/short_tailed_shearwater.htm,good
nzbirds.com/birds/bluepetrel.html,good
www.avesphoto.com/website/na/species/petbcp-2.htm,good
www.mbr-pwrc.usgs.gov/id/framlst/i1090id.html,good
www.birdguides.com/species/species.asp,good
nzbirds.com/birds/titi.html,good
www.falklandsconservation.com/wildlife/albatross/black-browed-albatross.html,good
www.falklandsconservation.com/wildlife/albatross/southern-giant-petrel.html,good
www.falklandsconservation.com/wildlife/albatross/white-chinned-petrel.html,good
www.parrotsinternational.org/,good
www.netpets.com/birds/reference/lafeber/8/incredible_beak.html,good
www.freeparrots.net,good
hatchedtoflyfree.org/,good
vtpb-www2.cvm.tamu.edu/brightsmith/,good
www.cityparrots.org/,good
www.nzbirds.com/birds/sulphurcrested.html,good
papagaio2000.sites.uol.com.br/indexing.htm,good
www.nepa.gov.jm/yourenv/biodiversity/species/black_billed.htm,good
www.avesphoto.com/website/na/species/parrcr-1.htm,good
www.oaklandzoo.org/meet_the_animals/yellow-naped-amazon-parrot*,good
www.greatgreenmacaw.org/,good
hatchedtoflyfree.homestead.com/,good
www.bluemacaws.org/,good
freespace.virgin.net/susan.armitage/macaws.htm,good
www.macawlanding.org/,good
vtpb-www2.cvm.tamu.edu/brightsmith/,good
www.nzbirds.com/birds/kakarikiyellow.html,good
nzbirds.com/birds/antipodesparakeet.html,good
animaldiversity.ummz.umich.edu/site/accounts/information/nestor_notabilis.html,good
www.nzbirds.com/birds/kea.html,good
nzbirds.com/birds/kaka.html,good
haryana-online.com/fauna/birds/alexandrine_parakeet.htm,good
www.birdlife.org/datazone/species/index.html,good
www.kakapo.net/,good
en.wikipedia.org/wiki/kakapo,good
nzbirds.com/birds/kakapo.html,good
www.kakaporecovery.org.nz/,good
bioweb.uwlax.edu/bio203/s2008/runde_sama/,good
www.kenyabirds.org.uk/parrot-ob.htm,good
www.wingscentral.org/aps/faqcapes.aspx,good
www.wingscc.com/aps/poicep.htm,good
www.seabirds.org/penguins.htm,good
www.penguin.net.nz/,good
www.bluemoon.net/~opus/nframe/penguin.html,good
octopus.gma.org/surfing/antarctica/penguin.html,good
www.antarcticconnection.com/antarctic/wildlife/penguins/index.shtml,good
www.penguins.cl/,good
www.falklands.net/,good
englishnf.pinguins.info/,good
www.gdargaud.net/antarctica/penguins.html,good
www.adelie.pwp.blueyonder.co.uk/,good